CustomerID,FirstName,LastName,Email,Phone,Address,City,State,Zipcode
1000,John,Doe,user1000@example.com,(707)792-6397,123 Main St,CityA,CA,91398
1001,Jane,Smith,user1001@example.com,(563)576-4292,456 Maple Ave,CityB,NY,39493
1002,Alice,Johnson,user1002@example.com,(789)235-9922,789 Oak Dr,CityC,TX,75086
1003,Bob,Williams,user1003@example.com,(404)290-4619,101 Pine Ln,CityD,FL,71496
1004,Charlie,Brown,user1004@example.com,(491)958-5547,202 Birch Blvd,CityE,WA,43305
1005,John,Doe,user1005@example.com,(764)814-7516,123 Main St,CityA,CA,53271
1006,Jane,Smith,user1006@example.com,(227)362-1641,456 Maple Ave,CityB,NY,89034
1007,Alice,Johnson,user1007@example.com,(411)847-9031,789 Oak Dr,CityC,TX,74079
1008,Bob,Williams,user1008@example.com,(963)938-9219,101 Pine Ln,CityD,FL,16498
1009,Charlie,Brown,user1009@example.com,(868)404-9014,202 Birch Blvd,CityE,WA,28941
1010,John,Doe,user1010@example.com,(773)742-7080,123 Main St,CityA,CA,50073
1011,Jane,Smith,user1011@example.com,(531)751-6912,456 Maple Ave,CityB,NY,62962
1012,Alice,Johnson,user1012@example.com,(563)672-7277,789 Oak Dr,CityC,TX,62090
1013,Bob,Williams,user1013@example.com,(553)659-2938,101 Pine Ln,CityD,FL,85229
1014,Charlie,Brown,user1014@example.com,(997)930-1846,202 Birch Blvd,CityE,WA,79543
1015,John,Doe,user1015@example.com,(313)531-2986,123 Main St,CityA,CA,49241
1016,Jane,Smith,user1016@example.com,(723)668-5843,456 Maple Ave,CityB,NY,92516
1017,Alice,Johnson,user1017@example.com,(963)965-1229,789 Oak Dr,CityC,TX,13070
1018,Bob,Williams,user1018@example.com,(411)476-6063,101 Pine Ln,CityD,FL,17142
1019,Charlie,Brown,user1019@example.com,(620)368-5509,202 Birch Blvd,CityE,WA,89401
1020,John,Doe,user1020@example.com,(253)561-9962,123 Main St,CityA,CA,46476
1021,Jane,Smith,user1021@example.com,(231)994-7556,456 Maple Ave,CityB,NY,40059
1022,Alice,Johnson,user1022@example.com,(852)618-1197,789 Oak Dr,CityC,TX,92502
1023,Bob,Williams,user1023@example.com,(715)942-6748,101 Pine Ln,CityD,FL,19299
1024,Charlie,Brown,user1024@example.com,(762)527-1658,202 Birch Blvd,CityE,WA,16482
1025,John,Doe,user1025@example.com,(481)510-6021,123 Main St,CityA,CA,32611
1026,Jane,Smith,user1026@example.com,(929)516-3355,456 Maple Ave,CityB,NY,24798
1027,Alice,Johnson,user1027@example.com,(495)431-9706,789 Oak Dr,CityC,TX,95574
1028,Bob,Williams,user1028@example.com,(236)812-5277,101 Pine Ln,CityD,FL,18040
1029,Charlie,Brown,user1029@example.com,(668)543-3829,202 Birch Blvd,CityE,WA,45015
1030,John,Doe,user1030@example.com,(470)630-1638,123 Main St,CityA,CA,62215
1031,Jane,Smith,user1031@example.com,(742)386-4202,456 Maple Ave,CityB,NY,91629
1032,Alice,Johnson,user1032@example.com,(654)923-2858,789 Oak Dr,CityC,TX,57081
1033,Bob,Williams,user1033@example.com,(313)558-8888,101 Pine Ln,CityD,FL,48877
1034,Charlie,Brown,user1034@example.com,(617)366-5780,202 Birch Blvd,CityE,WA,50602
1035,John,Doe,user1035@example.com,(375)478-5220,123 Main St,CityA,CA,70912
1036,Jane,Smith,user1036@example.com,(745)590-8142,456 Maple Ave,CityB,NY,71389
1037,Alice,Johnson,user1037@example.com,(204)255-5546,789 Oak Dr,CityC,TX,51985
1038,Bob,Williams,user1038@example.com,(893)926-1611,101 Pine Ln,CityD,FL,43988
1039,Charlie,Brown,user1039@example.com,(458)844-7020,202 Birch Blvd,CityE,WA,42118
1040,John,Doe,user1040@example.com,(267)980-4363,123 Main St,CityA,CA,85889
1041,Jane,Smith,user1041@example.com,(462)813-6423,456 Maple Ave,CityB,NY,59334
1042,Alice,Johnson,user1042@example.com,(230)817-4114,789 Oak Dr,CityC,TX,44793
1043,Bob,Williams,user1043@example.com,(585)634-5626,101 Pine Ln,CityD,FL,16318
1044,Charlie,Brown,user1044@example.com,(952)768-5558,202 Birch Blvd,CityE,WA,15029
1045,John,Doe,user1045@example.com,(730)946-5060,123 Main St,CityA,CA,17111
1046,Jane,Smith,user1046@example.com,(975)718-7990,456 Maple Ave,CityB,NY,81616
1047,Alice,Johnson,user1047@example.com,(812)242-4287,789 Oak Dr,CityC,TX,13734
1048,Bob,Williams,user1048@example.com,(575)856-7471,101 Pine Ln,CityD,FL,80612
1049,Charlie,Brown,user1049@example.com,(860)656-5793,202 Birch Blvd,CityE,WA,49468
1050,John,Doe,user1050@example.com,(330)302-1645,123 Main St,CityA,CA,92887
1051,Jane,Smith,user1051@example.com,(321)928-9721,456 Maple Ave,CityB,NY,13801
1052,Alice,Johnson,user1052@example.com,(429)506-7099,789 Oak Dr,CityC,TX,33084
1053,Bob,Williams,user1053@example.com,(465)771-7690,101 Pine Ln,CityD,FL,44401
1054,Charlie,Brown,user1054@example.com,(614)884-2668,202 Birch Blvd,CityE,WA,55982
1055,John,Doe,user1055@example.com,(421)608-3656,123 Main St,CityA,CA,54427
1056,Jane,Smith,user1056@example.com,(571)981-8878,456 Maple Ave,CityB,NY,32376
1057,Alice,Johnson,user1057@example.com,(863)984-8188,789 Oak Dr,CityC,TX,96216
1058,Bob,Williams,user1058@example.com,(953)706-1142,101 Pine Ln,CityD,FL,69506
1059,Charlie,Brown,user1059@example.com,(317)723-8822,202 Birch Blvd,CityE,WA,97876
1060,John,Doe,user1060@example.com,(223)386-2763,123 Main St,CityA,CA,96253
1061,Jane,Smith,user1061@example.com,(785)848-8419,456 Maple Ave,CityB,NY,27862
1062,Alice,Johnson,user1062@example.com,(259)487-4946,789 Oak Dr,CityC,TX,65138
1063,Bob,Williams,user1063@example.com,(263)470-4296,101 Pine Ln,CityD,FL,40574
1064,Charlie,Brown,user1064@example.com,(660)258-5713,202 Birch Blvd,CityE,WA,52291
1065,John,Doe,user1065@example.com,(355)917-9077,123 Main St,CityA,CA,44230
1066,Jane,Smith,user1066@example.com,(761)536-4975,456 Maple Ave,CityB,NY,60579
1067,Alice,Johnson,user1067@example.com,(691)683-8071,789 Oak Dr,CityC,TX,64720
1068,Bob,Williams,user1068@example.com,(321)627-4483,101 Pine Ln,CityD,FL,35490
1069,Charlie,Brown,user1069@example.com,(229)577-9712,202 Birch Blvd,CityE,WA,53116
1070,John,Doe,user1070@example.com,(654)760-6611,123 Main St,CityA,CA,28076
1071,Jane,Smith,user1071@example.com,(393)629-1396,456 Maple Ave,CityB,NY,84880
1072,Alice,Johnson,user1072@example.com,(558)504-7087,789 Oak Dr,CityC,TX,64090
1073,Bob,Williams,user1073@example.com,(336)308-3136,101 Pine Ln,CityD,FL,29501
1074,Charlie,Brown,user1074@example.com,(882)862-9469,202 Birch Blvd,CityE,WA,18579
1075,John,Doe,user1075@example.com,(937)942-9103,123 Main St,CityA,CA,22695
1076,Jane,Smith,user1076@example.com,(416)868-1439,456 Maple Ave,CityB,NY,29044
1077,Alice,Johnson,user1077@example.com,(691)669-9566,789 Oak Dr,CityC,TX,35025
1078,Bob,Williams,user1078@example.com,(682)752-4941,101 Pine Ln,CityD,FL,93826
1079,Charlie,Brown,user1079@example.com,(695)500-4290,202 Birch Blvd,CityE,WA,38287
1080,John,Doe,user1080@example.com,(856)201-8335,123 Main St,CityA,CA,30474
1081,Jane,Smith,user1081@example.com,(299)936-4060,456 Maple Ave,CityB,NY,58622
1082,Alice,Johnson,user1082@example.com,(642)984-5706,789 Oak Dr,CityC,TX,41172
1083,Bob,Williams,user1083@example.com,(710)312-4239,101 Pine Ln,CityD,FL,54893
1084,Charlie,Brown,user1084@example.com,(965)440-6171,202 Birch Blvd,CityE,WA,56455
1085,John,Doe,user1085@example.com,(598)381-5545,123 Main St,CityA,CA,14741
1086,Jane,Smith,user1086@example.com,(617)802-5859,456 Maple Ave,CityB,NY,82773
1087,Alice,Johnson,user1087@example.com,(683)985-1533,789 Oak Dr,CityC,TX,30628
1088,Bob,Williams,user1088@example.com,(758)256-8711,101 Pine Ln,CityD,FL,19272
1089,Charlie,Brown,user1089@example.com,(576)957-8871,202 Birch Blvd,CityE,WA,84934
1090,John,Doe,user1090@example.com,(826)387-6181,123 Main St,CityA,CA,92596
1091,Jane,Smith,user1091@example.com,(530)942-8670,456 Maple Ave,CityB,NY,46537
1092,Alice,Johnson,user1092@example.com,(597)354-1781,789 Oak Dr,CityC,TX,10697
1093,Bob,Williams,user1093@example.com,(822)971-1512,101 Pine Ln,CityD,FL,96529
1094,Charlie,Brown,user1094@example.com,(229)466-7829,202 Birch Blvd,CityE,WA,23573
1095,John,Doe,user1095@example.com,(930)551-2444,123 Main St,CityA,CA,93368
1096,Jane,Smith,user1096@example.com,(781)229-5760,456 Maple Ave,CityB,NY,68728
1097,Alice,Johnson,user1097@example.com,(765)659-1100,789 Oak Dr,CityC,TX,36193
1098,Bob,Williams,user1098@example.com,(874)696-2636,101 Pine Ln,CityD,FL,72898
1099,Charlie,Brown,user1099@example.com,(431)722-3530,202 Birch Blvd,CityE,WA,27075
1100,John,Doe,user1100@example.com,(679)957-5732,123 Main St,CityA,CA,68582
1101,Jane,Smith,user1101@example.com,(336)486-5176,456 Maple Ave,CityB,NY,48063
1102,Alice,Johnson,user1102@example.com,(891)988-9286,789 Oak Dr,CityC,TX,94940
1103,Bob,Williams,user1103@example.com,(601)621-5241,101 Pine Ln,CityD,FL,79903
1104,Charlie,Brown,user1104@example.com,(819)519-5034,202 Birch Blvd,CityE,WA,74401
1105,John,Doe,user1105@example.com,(710)914-1166,123 Main St,CityA,CA,16523
1106,Jane,Smith,user1106@example.com,(829)299-1083,456 Maple Ave,CityB,NY,86287
1107,Alice,Johnson,user1107@example.com,(739)224-8114,789 Oak Dr,CityC,TX,82406
1108,Bob,Williams,user1108@example.com,(554)519-2480,101 Pine Ln,CityD,FL,95348
1109,Charlie,Brown,user1109@example.com,(817)580-5561,202 Birch Blvd,CityE,WA,92120
1110,John,Doe,user1110@example.com,(455)594-6672,123 Main St,CityA,CA,70673
1111,Jane,Smith,user1111@example.com,(905)962-8408,456 Maple Ave,CityB,NY,40937
1112,Alice,Johnson,user1112@example.com,(495)288-5203,789 Oak Dr,CityC,TX,99456
1113,Bob,Williams,user1113@example.com,(974)854-5276,101 Pine Ln,CityD,FL,77544
1114,Charlie,Brown,user1114@example.com,(300)919-9851,202 Birch Blvd,CityE,WA,50681
1115,John,Doe,user1115@example.com,(419)582-7767,123 Main St,CityA,CA,10713
1116,Jane,Smith,user1116@example.com,(958)563-6944,456 Maple Ave,CityB,NY,43254
1117,Alice,Johnson,user1117@example.com,(482)908-2322,789 Oak Dr,CityC,TX,87982
1118,Bob,Williams,user1118@example.com,(437)911-7174,101 Pine Ln,CityD,FL,44768
1119,Charlie,Brown,user1119@example.com,(352)621-5656,202 Birch Blvd,CityE,WA,55194
1120,John,Doe,user1120@example.com,(667)423-4546,123 Main St,CityA,CA,47881
1121,Jane,Smith,user1121@example.com,(523)748-4454,456 Maple Ave,CityB,NY,84145
1122,Alice,Johnson,user1122@example.com,(319)214-7233,789 Oak Dr,CityC,TX,40235
1123,Bob,Williams,user1123@example.com,(519)650-1014,101 Pine Ln,CityD,FL,24107
1124,Charlie,Brown,user1124@example.com,(286)336-3186,202 Birch Blvd,CityE,WA,33111
1125,John,Doe,user1125@example.com,(287)796-6359,123 Main St,CityA,CA,48349
1126,Jane,Smith,user1126@example.com,(338)557-5225,456 Maple Ave,CityB,NY,70964
1127,Alice,Johnson,user1127@example.com,(552)880-2572,789 Oak Dr,CityC,TX,78066
1128,Bob,Williams,user1128@example.com,(661)970-8357,101 Pine Ln,CityD,FL,52121
1129,Charlie,Brown,user1129@example.com,(591)843-5510,202 Birch Blvd,CityE,WA,34970
1130,John,Doe,user1130@example.com,(999)273-8536,123 Main St,CityA,CA,53936
1131,Jane,Smith,user1131@example.com,(294)826-2180,456 Maple Ave,CityB,NY,81248
1132,Alice,Johnson,user1132@example.com,(452)789-5927,789 Oak Dr,CityC,TX,50354
1133,Bob,Williams,user1133@example.com,(351)905-1491,101 Pine Ln,CityD,FL,87366
1134,Charlie,Brown,user1134@example.com,(478)314-6072,202 Birch Blvd,CityE,WA,34503
1135,John,Doe,user1135@example.com,(504)239-6684,123 Main St,CityA,CA,61145
1136,Jane,Smith,user1136@example.com,(243)713-6696,456 Maple Ave,CityB,NY,91524
1137,Alice,Johnson,user1137@example.com,(704)479-7560,789 Oak Dr,CityC,TX,74529
1138,Bob,Williams,user1138@example.com,(863)646-4786,101 Pine Ln,CityD,FL,43006
1139,Charlie,Brown,user1139@example.com,(243)545-3566,202 Birch Blvd,CityE,WA,68316
1140,John,Doe,user1140@example.com,(625)581-4578,123 Main St,CityA,CA,76996
1141,Jane,Smith,user1141@example.com,(733)264-3008,456 Maple Ave,CityB,NY,25994
1142,Alice,Johnson,user1142@example.com,(441)797-1749,789 Oak Dr,CityC,TX,31316
1143,Bob,Williams,user1143@example.com,(614)282-6443,101 Pine Ln,CityD,FL,71749
1144,Charlie,Brown,user1144@example.com,(702)477-3879,202 Birch Blvd,CityE,WA,66628
1145,John,Doe,user1145@example.com,(851)762-9524,123 Main St,CityA,CA,83139
1146,Jane,Smith,user1146@example.com,(955)667-2018,456 Maple Ave,CityB,NY,42486
1147,Alice,Johnson,user1147@example.com,(896)515-9362,789 Oak Dr,CityC,TX,92739
1148,Bob,Williams,user1148@example.com,(566)420-1302,101 Pine Ln,CityD,FL,68292
1149,Charlie,Brown,user1149@example.com,(607)463-5287,202 Birch Blvd,CityE,WA,89196
1150,John,Doe,user1150@example.com,(212)673-4192,123 Main St,CityA,CA,24402
1151,Jane,Smith,user1151@example.com,(416)913-8942,456 Maple Ave,CityB,NY,57143
1152,Alice,Johnson,user1152@example.com,(275)715-5558,789 Oak Dr,CityC,TX,61051
1153,Bob,Williams,user1153@example.com,(371)637-4396,101 Pine Ln,CityD,FL,56819
1154,Charlie,Brown,user1154@example.com,(846)423-8736,202 Birch Blvd,CityE,WA,87831
1155,John,Doe,user1155@example.com,(569)759-5244,123 Main St,CityA,CA,28846
1156,Jane,Smith,user1156@example.com,(279)482-8170,456 Maple Ave,CityB,NY,27962
1157,Alice,Johnson,user1157@example.com,(442)708-7196,789 Oak Dr,CityC,TX,38275
1158,Bob,Williams,user1158@example.com,(622)534-9946,101 Pine Ln,CityD,FL,77773
1159,Charlie,Brown,user1159@example.com,(624)636-4006,202 Birch Blvd,CityE,WA,79322
1160,John,Doe,user1160@example.com,(839)692-5666,123 Main St,CityA,CA,13972
1161,Jane,Smith,user1161@example.com,(780)846-2738,456 Maple Ave,CityB,NY,62301
1162,Alice,Johnson,user1162@example.com,(271)506-5375,789 Oak Dr,CityC,TX,50004
1163,Bob,Williams,user1163@example.com,(330)223-1897,101 Pine Ln,CityD,FL,74661
1164,Charlie,Brown,user1164@example.com,(713)898-8138,202 Birch Blvd,CityE,WA,77460
1165,John,Doe,user1165@example.com,(643)568-3855,123 Main St,CityA,CA,63872
1166,Jane,Smith,user1166@example.com,(830)684-5528,456 Maple Ave,CityB,NY,94915
1167,Alice,Johnson,user1167@example.com,(364)957-1831,789 Oak Dr,CityC,TX,85513
1168,Bob,Williams,user1168@example.com,(226)677-9668,101 Pine Ln,CityD,FL,16881
1169,Charlie,Brown,user1169@example.com,(943)780-8149,202 Birch Blvd,CityE,WA,38258
1170,John,Doe,user1170@example.com,(273)488-9207,123 Main St,CityA,CA,38271
1171,Jane,Smith,user1171@example.com,(831)632-2895,456 Maple Ave,CityB,NY,45940
1172,Alice,Johnson,user1172@example.com,(645)878-6960,789 Oak Dr,CityC,TX,28706
1173,Bob,Williams,user1173@example.com,(682)938-2880,101 Pine Ln,CityD,FL,54933
1174,Charlie,Brown,user1174@example.com,(818)938-3508,202 Birch Blvd,CityE,WA,82450
1175,John,Doe,user1175@example.com,(692)317-2701,123 Main St,CityA,CA,72265
1176,Jane,Smith,user1176@example.com,(909)707-7818,456 Maple Ave,CityB,NY,42347
1177,Alice,Johnson,user1177@example.com,(977)465-1606,789 Oak Dr,CityC,TX,95441
1178,Bob,Williams,user1178@example.com,(230)243-8970,101 Pine Ln,CityD,FL,95963
1179,Charlie,Brown,user1179@example.com,(657)995-6956,202 Birch Blvd,CityE,WA,62148
1180,John,Doe,user1180@example.com,(648)833-4182,123 Main St,CityA,CA,10465
1181,Jane,Smith,user1181@example.com,(498)311-4986,456 Maple Ave,CityB,NY,96991
1182,Alice,Johnson,user1182@example.com,(457)786-6337,789 Oak Dr,CityC,TX,56934
1183,Bob,Williams,user1183@example.com,(500)977-2957,101 Pine Ln,CityD,FL,54922
1184,Charlie,Brown,user1184@example.com,(893)636-1191,202 Birch Blvd,CityE,WA,30467
1185,John,Doe,user1185@example.com,(850)563-9784,123 Main St,CityA,CA,76652
1186,Jane,Smith,user1186@example.com,(368)776-4963,456 Maple Ave,CityB,NY,40684
1187,Alice,Johnson,user1187@example.com,(816)800-2433,789 Oak Dr,CityC,TX,41377
1188,Bob,Williams,user1188@example.com,(664)545-8746,101 Pine Ln,CityD,FL,14017
1189,Charlie,Brown,user1189@example.com,(756)970-7019,202 Birch Blvd,CityE,WA,49504
1190,John,Doe,user1190@example.com,(783)372-9568,123 Main St,CityA,CA,71683
1191,Jane,Smith,user1191@example.com,(897)762-3198,456 Maple Ave,CityB,NY,40421
1192,Alice,Johnson,user1192@example.com,(243)852-8003,789 Oak Dr,CityC,TX,12981
1193,Bob,Williams,user1193@example.com,(842)871-6512,101 Pine Ln,CityD,FL,92425
1194,Charlie,Brown,user1194@example.com,(383)508-7654,202 Birch Blvd,CityE,WA,43839
1195,John,Doe,user1195@example.com,(541)202-1244,123 Main St,CityA,CA,19233
1196,Jane,Smith,user1196@example.com,(457)362-7228,456 Maple Ave,CityB,NY,64439
1197,Alice,Johnson,user1197@example.com,(829)818-3778,789 Oak Dr,CityC,TX,46226
1198,Bob,Williams,user1198@example.com,(694)396-2548,101 Pine Ln,CityD,FL,62144
1199,Charlie,Brown,user1199@example.com,(775)988-6513,202 Birch Blvd,CityE,WA,24673
1200,John,Doe,user1200@example.com,(994)934-6540,123 Main St,CityA,CA,24068
1201,Jane,Smith,user1201@example.com,(720)380-3740,456 Maple Ave,CityB,NY,88270
1202,Alice,Johnson,user1202@example.com,(942)938-7786,789 Oak Dr,CityC,TX,39027
1203,Bob,Williams,user1203@example.com,(923)303-4760,101 Pine Ln,CityD,FL,62599
1204,Charlie,Brown,user1204@example.com,(859)596-7890,202 Birch Blvd,CityE,WA,96962
1205,John,Doe,user1205@example.com,(610)412-5939,123 Main St,CityA,CA,27106
1206,Jane,Smith,user1206@example.com,(320)929-4017,456 Maple Ave,CityB,NY,22221
1207,Alice,Johnson,user1207@example.com,(413)912-9953,789 Oak Dr,CityC,TX,37050
1208,Bob,Williams,user1208@example.com,(431)417-4758,101 Pine Ln,CityD,FL,71344
1209,Charlie,Brown,user1209@example.com,(929)426-4961,202 Birch Blvd,CityE,WA,45807
1210,John,Doe,user1210@example.com,(641)397-7833,123 Main St,CityA,CA,80152
1211,Jane,Smith,user1211@example.com,(612)614-5747,456 Maple Ave,CityB,NY,22557
1212,Alice,Johnson,user1212@example.com,(381)332-4851,789 Oak Dr,CityC,TX,98286
1213,Bob,Williams,user1213@example.com,(554)395-2778,101 Pine Ln,CityD,FL,13196
1214,Charlie,Brown,user1214@example.com,(307)246-3153,202 Birch Blvd,CityE,WA,91851
1215,John,Doe,user1215@example.com,(652)367-6864,123 Main St,CityA,CA,36988
1216,Jane,Smith,user1216@example.com,(612)986-7376,456 Maple Ave,CityB,NY,30363
1217,Alice,Johnson,user1217@example.com,(842)860-8166,789 Oak Dr,CityC,TX,84710
1218,Bob,Williams,user1218@example.com,(896)273-4457,101 Pine Ln,CityD,FL,70758
1219,Charlie,Brown,user1219@example.com,(518)876-3688,202 Birch Blvd,CityE,WA,73832
1220,John,Doe,user1220@example.com,(496)935-3084,123 Main St,CityA,CA,74067
1221,Jane,Smith,user1221@example.com,(682)571-2825,456 Maple Ave,CityB,NY,94184
1222,Alice,Johnson,user1222@example.com,(622)870-7845,789 Oak Dr,CityC,TX,51295
1223,Bob,Williams,user1223@example.com,(510)707-9431,101 Pine Ln,CityD,FL,37632
1224,Charlie,Brown,user1224@example.com,(804)205-9180,202 Birch Blvd,CityE,WA,39162
1225,John,Doe,user1225@example.com,(829)776-1469,123 Main St,CityA,CA,50270
1226,Jane,Smith,user1226@example.com,(717)486-3003,456 Maple Ave,CityB,NY,24905
1227,Alice,Johnson,user1227@example.com,(595)209-3690,789 Oak Dr,CityC,TX,76752
1228,Bob,Williams,user1228@example.com,(872)833-7794,101 Pine Ln,CityD,FL,91197
1229,Charlie,Brown,user1229@example.com,(444)673-1957,202 Birch Blvd,CityE,WA,58026
1230,John,Doe,user1230@example.com,(532)937-4644,123 Main St,CityA,CA,42223
1231,Jane,Smith,user1231@example.com,(429)419-5766,456 Maple Ave,CityB,NY,62714
1232,Alice,Johnson,user1232@example.com,(887)977-7928,789 Oak Dr,CityC,TX,88468
1233,Bob,Williams,user1233@example.com,(931)865-2482,101 Pine Ln,CityD,FL,73987
1234,Charlie,Brown,user1234@example.com,(362)221-4108,202 Birch Blvd,CityE,WA,12507
1235,John,Doe,user1235@example.com,(702)425-9780,123 Main St,CityA,CA,27886
1236,Jane,Smith,user1236@example.com,(883)874-7696,456 Maple Ave,CityB,NY,43255
1237,Alice,Johnson,user1237@example.com,(826)433-3392,789 Oak Dr,CityC,TX,80707
1238,Bob,Williams,user1238@example.com,(997)651-9071,101 Pine Ln,CityD,FL,17157
1239,Charlie,Brown,user1239@example.com,(417)838-3775,202 Birch Blvd,CityE,WA,24453
1240,John,Doe,user1240@example.com,(273)402-1984,123 Main St,CityA,CA,48098
1241,Jane,Smith,user1241@example.com,(624)404-6763,456 Maple Ave,CityB,NY,11579
1242,Alice,Johnson,user1242@example.com,(460)587-1977,789 Oak Dr,CityC,TX,79587
1243,Bob,Williams,user1243@example.com,(270)347-2088,101 Pine Ln,CityD,FL,51543
1244,Charlie,Brown,user1244@example.com,(282)770-3009,202 Birch Blvd,CityE,WA,98094
1245,John,Doe,user1245@example.com,(423)928-7833,123 Main St,CityA,CA,87705
1246,Jane,Smith,user1246@example.com,(514)610-9059,456 Maple Ave,CityB,NY,29172
1247,Alice,Johnson,user1247@example.com,(990)679-9531,789 Oak Dr,CityC,TX,46015
1248,Bob,Williams,user1248@example.com,(458)980-2862,101 Pine Ln,CityD,FL,46640
1249,Charlie,Brown,user1249@example.com,(521)547-6574,202 Birch Blvd,CityE,WA,28796
1250,John,Doe,user1250@example.com,(350)259-9117,123 Main St,CityA,CA,80047
1251,Jane,Smith,user1251@example.com,(491)605-5617,456 Maple Ave,CityB,NY,86391
1252,Alice,Johnson,user1252@example.com,(857)329-5978,789 Oak Dr,CityC,TX,53668
1253,Bob,Williams,user1253@example.com,(591)658-9791,101 Pine Ln,CityD,FL,12692
1254,Charlie,Brown,user1254@example.com,(266)260-4202,202 Birch Blvd,CityE,WA,17799
1255,John,Doe,user1255@example.com,(370)855-8320,123 Main St,CityA,CA,90537
1256,Jane,Smith,user1256@example.com,(684)201-6874,456 Maple Ave,CityB,NY,61854
1257,Alice,Johnson,user1257@example.com,(992)694-9472,789 Oak Dr,CityC,TX,20760
1258,Bob,Williams,user1258@example.com,(423)390-3137,101 Pine Ln,CityD,FL,24592
1259,Charlie,Brown,user1259@example.com,(212)429-5692,202 Birch Blvd,CityE,WA,40860
1260,John,Doe,user1260@example.com,(438)688-9923,123 Main St,CityA,CA,85903
1261,Jane,Smith,user1261@example.com,(509)819-9091,456 Maple Ave,CityB,NY,90698
1262,Alice,Johnson,user1262@example.com,(623)243-4750,789 Oak Dr,CityC,TX,62749
1263,Bob,Williams,user1263@example.com,(801)356-6376,101 Pine Ln,CityD,FL,91935
1264,Charlie,Brown,user1264@example.com,(674)883-2093,202 Birch Blvd,CityE,WA,87542
1265,John,Doe,user1265@example.com,(869)451-5735,123 Main St,CityA,CA,34159
1266,Jane,Smith,user1266@example.com,(530)993-3563,456 Maple Ave,CityB,NY,22459
1267,Alice,Johnson,user1267@example.com,(624)415-5801,789 Oak Dr,CityC,TX,28419
1268,Bob,Williams,user1268@example.com,(475)590-4623,101 Pine Ln,CityD,FL,53041
1269,Charlie,Brown,user1269@example.com,(969)774-1843,202 Birch Blvd,CityE,WA,29185
1270,John,Doe,user1270@example.com,(513)233-6060,123 Main St,CityA,CA,30255
1271,Jane,Smith,user1271@example.com,(904)885-9022,456 Maple Ave,CityB,NY,13757
1272,Alice,Johnson,user1272@example.com,(889)708-7620,789 Oak Dr,CityC,TX,87140
1273,Bob,Williams,user1273@example.com,(958)248-2900,101 Pine Ln,CityD,FL,91672
1274,Charlie,Brown,user1274@example.com,(445)894-8073,202 Birch Blvd,CityE,WA,16813
1275,John,Doe,user1275@example.com,(817)841-7267,123 Main St,CityA,CA,17698
1276,Jane,Smith,user1276@example.com,(970)555-8582,456 Maple Ave,CityB,NY,40621
1277,Alice,Johnson,user1277@example.com,(860)801-1642,789 Oak Dr,CityC,TX,39869
1278,Bob,Williams,user1278@example.com,(549)225-5144,101 Pine Ln,CityD,FL,67431
1279,Charlie,Brown,user1279@example.com,(898)655-9061,202 Birch Blvd,CityE,WA,76350
1280,John,Doe,user1280@example.com,(353)865-2740,123 Main St,CityA,CA,62004
1281,Jane,Smith,user1281@example.com,(430)400-8813,456 Maple Ave,CityB,NY,33008
1282,Alice,Johnson,user1282@example.com,(566)305-4869,789 Oak Dr,CityC,TX,84193
1283,Bob,Williams,user1283@example.com,(292)823-9021,101 Pine Ln,CityD,FL,34600
1284,Charlie,Brown,user1284@example.com,(751)200-3308,202 Birch Blvd,CityE,WA,57087
1285,John,Doe,user1285@example.com,(423)249-7942,123 Main St,CityA,CA,64877
1286,Jane,Smith,user1286@example.com,(802)322-6060,456 Maple Ave,CityB,NY,52704
1287,Alice,Johnson,user1287@example.com,(782)792-6497,789 Oak Dr,CityC,TX,28962
1288,Bob,Williams,user1288@example.com,(251)729-2206,101 Pine Ln,CityD,FL,49476
1289,Charlie,Brown,user1289@example.com,(455)540-5599,202 Birch Blvd,CityE,WA,39370
1290,John,Doe,user1290@example.com,(326)825-4957,123 Main St,CityA,CA,71790
1291,Jane,Smith,user1291@example.com,(840)726-5275,456 Maple Ave,CityB,NY,59180
1292,Alice,Johnson,user1292@example.com,(713)596-9272,789 Oak Dr,CityC,TX,63950
1293,Bob,Williams,user1293@example.com,(363)897-2640,101 Pine Ln,CityD,FL,73717
1294,Charlie,Brown,user1294@example.com,(955)711-9415,202 Birch Blvd,CityE,WA,53965
1295,John,Doe,user1295@example.com,(871)686-6773,123 Main St,CityA,CA,37501
1296,Jane,Smith,user1296@example.com,(583)765-3869,456 Maple Ave,CityB,NY,66154
1297,Alice,Johnson,user1297@example.com,(793)894-2055,789 Oak Dr,CityC,TX,37085
1298,Bob,Williams,user1298@example.com,(883)540-6092,101 Pine Ln,CityD,FL,48101
1299,Charlie,Brown,user1299@example.com,(564)527-1749,202 Birch Blvd,CityE,WA,47303
1300,John,Doe,user1300@example.com,(794)893-3675,123 Main St,CityA,CA,27992
1301,Jane,Smith,user1301@example.com,(800)536-6256,456 Maple Ave,CityB,NY,37719
1302,Alice,Johnson,user1302@example.com,(801)850-8172,789 Oak Dr,CityC,TX,62170
1303,Bob,Williams,user1303@example.com,(922)895-5825,101 Pine Ln,CityD,FL,53836
1304,Charlie,Brown,user1304@example.com,(278)634-1733,202 Birch Blvd,CityE,WA,68636
1305,John,Doe,user1305@example.com,(293)983-4381,123 Main St,CityA,CA,85314
1306,Jane,Smith,user1306@example.com,(798)740-8607,456 Maple Ave,CityB,NY,42775
1307,Alice,Johnson,user1307@example.com,(883)956-8050,789 Oak Dr,CityC,TX,68001
1308,Bob,Williams,user1308@example.com,(559)771-7642,101 Pine Ln,CityD,FL,32572
1309,Charlie,Brown,user1309@example.com,(434)699-4741,202 Birch Blvd,CityE,WA,54122
1310,John,Doe,user1310@example.com,(251)660-8429,123 Main St,CityA,CA,27618
1311,Jane,Smith,user1311@example.com,(391)655-6286,456 Maple Ave,CityB,NY,58907
1312,Alice,Johnson,user1312@example.com,(464)516-2026,789 Oak Dr,CityC,TX,62100
1313,Bob,Williams,user1313@example.com,(780)868-5148,101 Pine Ln,CityD,FL,17634
1314,Charlie,Brown,user1314@example.com,(710)711-8489,202 Birch Blvd,CityE,WA,38104
1315,John,Doe,user1315@example.com,(716)250-2519,123 Main St,CityA,CA,87819
1316,Jane,Smith,user1316@example.com,(313)879-2599,456 Maple Ave,CityB,NY,77221
1317,Alice,Johnson,user1317@example.com,(282)726-8916,789 Oak Dr,CityC,TX,89328
1318,Bob,Williams,user1318@example.com,(518)983-7424,101 Pine Ln,CityD,FL,87051
1319,Charlie,Brown,user1319@example.com,(674)369-8172,202 Birch Blvd,CityE,WA,27125
1320,John,Doe,user1320@example.com,(361)983-2257,123 Main St,CityA,CA,59233
1321,Jane,Smith,user1321@example.com,(891)407-9417,456 Maple Ave,CityB,NY,18087
1322,Alice,Johnson,user1322@example.com,(723)612-7956,789 Oak Dr,CityC,TX,83269
1323,Bob,Williams,user1323@example.com,(892)772-3338,101 Pine Ln,CityD,FL,73714
1324,Charlie,Brown,user1324@example.com,(981)546-2497,202 Birch Blvd,CityE,WA,60618
1325,John,Doe,user1325@example.com,(552)547-1043,123 Main St,CityA,CA,90738
1326,Jane,Smith,user1326@example.com,(757)496-1840,456 Maple Ave,CityB,NY,30692
1327,Alice,Johnson,user1327@example.com,(424)792-4301,789 Oak Dr,CityC,TX,45571
1328,Bob,Williams,user1328@example.com,(713)412-3414,101 Pine Ln,CityD,FL,51892
1329,Charlie,Brown,user1329@example.com,(258)447-8565,202 Birch Blvd,CityE,WA,71696
1330,John,Doe,user1330@example.com,(266)960-6397,123 Main St,CityA,CA,81026
1331,Jane,Smith,user1331@example.com,(871)412-9583,456 Maple Ave,CityB,NY,75972
1332,Alice,Johnson,user1332@example.com,(444)796-7233,789 Oak Dr,CityC,TX,68769
1333,Bob,Williams,user1333@example.com,(324)506-1680,101 Pine Ln,CityD,FL,63293
1334,Charlie,Brown,user1334@example.com,(271)454-9533,202 Birch Blvd,CityE,WA,29048
1335,John,Doe,user1335@example.com,(368)984-2863,123 Main St,CityA,CA,59720
1336,Jane,Smith,user1336@example.com,(531)679-6357,456 Maple Ave,CityB,NY,45510
1337,Alice,Johnson,user1337@example.com,(631)637-9481,789 Oak Dr,CityC,TX,62939
1338,Bob,Williams,user1338@example.com,(915)649-2151,101 Pine Ln,CityD,FL,87923
1339,Charlie,Brown,user1339@example.com,(416)283-9394,202 Birch Blvd,CityE,WA,96506
1340,John,Doe,user1340@example.com,(614)755-6321,123 Main St,CityA,CA,98509
1341,Jane,Smith,user1341@example.com,(767)628-8474,456 Maple Ave,CityB,NY,31555
1342,Alice,Johnson,user1342@example.com,(751)765-5141,789 Oak Dr,CityC,TX,72879
1343,Bob,Williams,user1343@example.com,(585)536-2465,101 Pine Ln,CityD,FL,60234
1344,Charlie,Brown,user1344@example.com,(816)765-9651,202 Birch Blvd,CityE,WA,75663
1345,John,Doe,user1345@example.com,(222)908-8761,123 Main St,CityA,CA,61576
1346,Jane,Smith,user1346@example.com,(900)388-1495,456 Maple Ave,CityB,NY,46921
1347,Alice,Johnson,user1347@example.com,(667)306-7854,789 Oak Dr,CityC,TX,64840
1348,Bob,Williams,user1348@example.com,(434)896-7205,101 Pine Ln,CityD,FL,88533
1349,Charlie,Brown,user1349@example.com,(726)391-8371,202 Birch Blvd,CityE,WA,14945
1350,John,Doe,user1350@example.com,(221)325-4198,123 Main St,CityA,CA,68179
1351,Jane,Smith,user1351@example.com,(785)740-5291,456 Maple Ave,CityB,NY,85890
1352,Alice,Johnson,user1352@example.com,(212)227-1662,789 Oak Dr,CityC,TX,26191
1353,Bob,Williams,user1353@example.com,(848)930-9815,101 Pine Ln,CityD,FL,73462
1354,Charlie,Brown,user1354@example.com,(742)826-9585,202 Birch Blvd,CityE,WA,96758
1355,John,Doe,user1355@example.com,(285)721-6013,123 Main St,CityA,CA,64701
1356,Jane,Smith,user1356@example.com,(281)504-9706,456 Maple Ave,CityB,NY,24532
1357,Alice,Johnson,user1357@example.com,(409)682-1138,789 Oak Dr,CityC,TX,68770
1358,Bob,Williams,user1358@example.com,(652)271-7278,101 Pine Ln,CityD,FL,76417
1359,Charlie,Brown,user1359@example.com,(599)733-1098,202 Birch Blvd,CityE,WA,78768
1360,John,Doe,user1360@example.com,(388)382-7825,123 Main St,CityA,CA,69253
1361,Jane,Smith,user1361@example.com,(993)254-9698,456 Maple Ave,CityB,NY,13062
1362,Alice,Johnson,user1362@example.com,(681)997-3590,789 Oak Dr,CityC,TX,44015
1363,Bob,Williams,user1363@example.com,(296)424-5720,101 Pine Ln,CityD,FL,16125
1364,Charlie,Brown,user1364@example.com,(847)378-2052,202 Birch Blvd,CityE,WA,62194
1365,John,Doe,user1365@example.com,(727)816-1700,123 Main St,CityA,CA,97414
1366,Jane,Smith,user1366@example.com,(614)749-9291,456 Maple Ave,CityB,NY,50646
1367,Alice,Johnson,user1367@example.com,(777)718-1322,789 Oak Dr,CityC,TX,72966
1368,Bob,Williams,user1368@example.com,(491)412-7570,101 Pine Ln,CityD,FL,82501
1369,Charlie,Brown,user1369@example.com,(551)862-8327,202 Birch Blvd,CityE,WA,94523
1370,John,Doe,user1370@example.com,(552)872-3681,123 Main St,CityA,CA,41923
1371,Jane,Smith,user1371@example.com,(647)462-5318,456 Maple Ave,CityB,NY,54017
1372,Alice,Johnson,user1372@example.com,(943)782-8299,789 Oak Dr,CityC,TX,17419
1373,Bob,Williams,user1373@example.com,(978)361-9459,101 Pine Ln,CityD,FL,95211
1374,Charlie,Brown,user1374@example.com,(869)729-6570,202 Birch Blvd,CityE,WA,48884
1375,John,Doe,user1375@example.com,(741)246-8015,123 Main St,CityA,CA,33590
1376,Jane,Smith,user1376@example.com,(995)724-7281,456 Maple Ave,CityB,NY,70066
1377,Alice,Johnson,user1377@example.com,(214)386-4954,789 Oak Dr,CityC,TX,81827
1378,Bob,Williams,user1378@example.com,(660)566-1015,101 Pine Ln,CityD,FL,61065
1379,Charlie,Brown,user1379@example.com,(623)390-6674,202 Birch Blvd,CityE,WA,96932
1380,John,Doe,user1380@example.com,(396)495-7530,123 Main St,CityA,CA,38711
1381,Jane,Smith,user1381@example.com,(726)429-1877,456 Maple Ave,CityB,NY,61705
1382,Alice,Johnson,user1382@example.com,(222)720-8685,789 Oak Dr,CityC,TX,18557
1383,Bob,Williams,user1383@example.com,(703)325-1031,101 Pine Ln,CityD,FL,41678
1384,Charlie,Brown,user1384@example.com,(805)799-3383,202 Birch Blvd,CityE,WA,79529
1385,John,Doe,user1385@example.com,(578)419-9331,123 Main St,CityA,CA,71770
1386,Jane,Smith,user1386@example.com,(561)994-1739,456 Maple Ave,CityB,NY,39012
1387,Alice,Johnson,user1387@example.com,(980)958-8241,789 Oak Dr,CityC,TX,72439
1388,Bob,Williams,user1388@example.com,(345)732-4767,101 Pine Ln,CityD,FL,55105
1389,Charlie,Brown,user1389@example.com,(218)999-6591,202 Birch Blvd,CityE,WA,18966
1390,John,Doe,user1390@example.com,(335)892-4559,123 Main St,CityA,CA,64274
1391,Jane,Smith,user1391@example.com,(805)971-7555,456 Maple Ave,CityB,NY,76462
1392,Alice,Johnson,user1392@example.com,(411)714-5851,789 Oak Dr,CityC,TX,80853
1393,Bob,Williams,user1393@example.com,(534)280-9681,101 Pine Ln,CityD,FL,57273
1394,Charlie,Brown,user1394@example.com,(776)574-6057,202 Birch Blvd,CityE,WA,25432
1395,John,Doe,user1395@example.com,(725)302-1132,123 Main St,CityA,CA,23427
1396,Jane,Smith,user1396@example.com,(325)795-1128,456 Maple Ave,CityB,NY,84830
1397,Alice,Johnson,user1397@example.com,(847)866-4664,789 Oak Dr,CityC,TX,97710
1398,Bob,Williams,user1398@example.com,(565)236-6106,101 Pine Ln,CityD,FL,20635
1399,Charlie,Brown,user1399@example.com,(769)272-3086,202 Birch Blvd,CityE,WA,24034
1400,John,Doe,user1400@example.com,(227)851-5581,123 Main St,CityA,CA,18693
1401,Jane,Smith,user1401@example.com,(492)923-6690,456 Maple Ave,CityB,NY,22102
1402,Alice,Johnson,user1402@example.com,(488)951-8454,789 Oak Dr,CityC,TX,42680
1403,Bob,Williams,user1403@example.com,(481)515-1877,101 Pine Ln,CityD,FL,72246
1404,Charlie,Brown,user1404@example.com,(326)669-9677,202 Birch Blvd,CityE,WA,84327
1405,John,Doe,user1405@example.com,(938)372-1868,123 Main St,CityA,CA,89855
1406,Jane,Smith,user1406@example.com,(379)384-1749,456 Maple Ave,CityB,NY,28091
1407,Alice,Johnson,user1407@example.com,(634)945-6984,789 Oak Dr,CityC,TX,36259
1408,Bob,Williams,user1408@example.com,(350)361-7190,101 Pine Ln,CityD,FL,60274
1409,Charlie,Brown,user1409@example.com,(506)584-5044,202 Birch Blvd,CityE,WA,51321
1410,John,Doe,user1410@example.com,(439)544-8833,123 Main St,CityA,CA,89821
1411,Jane,Smith,user1411@example.com,(755)818-2216,456 Maple Ave,CityB,NY,94104
1412,Alice,Johnson,user1412@example.com,(713)524-6914,789 Oak Dr,CityC,TX,14058
1413,Bob,Williams,user1413@example.com,(512)220-9092,101 Pine Ln,CityD,FL,15033
1414,Charlie,Brown,user1414@example.com,(717)983-4174,202 Birch Blvd,CityE,WA,25320
1415,John,Doe,user1415@example.com,(732)486-9491,123 Main St,CityA,CA,94001
1416,Jane,Smith,user1416@example.com,(400)847-5672,456 Maple Ave,CityB,NY,12469
1417,Alice,Johnson,user1417@example.com,(793)278-6291,789 Oak Dr,CityC,TX,53809
1418,Bob,Williams,user1418@example.com,(235)442-7211,101 Pine Ln,CityD,FL,99195
1419,Charlie,Brown,user1419@example.com,(966)317-6621,202 Birch Blvd,CityE,WA,97711
1420,John,Doe,user1420@example.com,(826)306-6750,123 Main St,CityA,CA,11467
1421,Jane,Smith,user1421@example.com,(952)236-6425,456 Maple Ave,CityB,NY,36461
1422,Alice,Johnson,user1422@example.com,(369)498-9410,789 Oak Dr,CityC,TX,35525
1423,Bob,Williams,user1423@example.com,(526)416-4573,101 Pine Ln,CityD,FL,41222
1424,Charlie,Brown,user1424@example.com,(993)383-2338,202 Birch Blvd,CityE,WA,17241
1425,John,Doe,user1425@example.com,(469)969-5180,123 Main St,CityA,CA,86432
1426,Jane,Smith,user1426@example.com,(956)687-8972,456 Maple Ave,CityB,NY,24135
1427,Alice,Johnson,user1427@example.com,(335)345-8790,789 Oak Dr,CityC,TX,39093
1428,Bob,Williams,user1428@example.com,(454)993-9882,101 Pine Ln,CityD,FL,18174
1429,Charlie,Brown,user1429@example.com,(717)685-6532,202 Birch Blvd,CityE,WA,17405
1430,John,Doe,user1430@example.com,(601)840-7091,123 Main St,CityA,CA,66213
1431,Jane,Smith,user1431@example.com,(603)492-8308,456 Maple Ave,CityB,NY,95987
1432,Alice,Johnson,user1432@example.com,(414)291-2532,789 Oak Dr,CityC,TX,56607
1433,Bob,Williams,user1433@example.com,(807)507-8126,101 Pine Ln,CityD,FL,32068
1434,Charlie,Brown,user1434@example.com,(931)720-1668,202 Birch Blvd,CityE,WA,86439
1435,John,Doe,user1435@example.com,(266)437-8163,123 Main St,CityA,CA,17495
1436,Jane,Smith,user1436@example.com,(704)372-7364,456 Maple Ave,CityB,NY,22112
1437,Alice,Johnson,user1437@example.com,(252)299-1256,789 Oak Dr,CityC,TX,97501
1438,Bob,Williams,user1438@example.com,(289)381-6735,101 Pine Ln,CityD,FL,43765
1439,Charlie,Brown,user1439@example.com,(821)336-9159,202 Birch Blvd,CityE,WA,89818
1440,John,Doe,user1440@example.com,(878)463-2001,123 Main St,CityA,CA,87982
1441,Jane,Smith,user1441@example.com,(237)234-3496,456 Maple Ave,CityB,NY,32202
1442,Alice,Johnson,user1442@example.com,(474)447-8449,789 Oak Dr,CityC,TX,18234
1443,Bob,Williams,user1443@example.com,(813)930-4138,101 Pine Ln,CityD,FL,34904
1444,Charlie,Brown,user1444@example.com,(277)200-6774,202 Birch Blvd,CityE,WA,30764
1445,John,Doe,user1445@example.com,(490)523-4225,123 Main St,CityA,CA,19518
1446,Jane,Smith,user1446@example.com,(202)702-8412,456 Maple Ave,CityB,NY,75202
1447,Alice,Johnson,user1447@example.com,(414)946-1900,789 Oak Dr,CityC,TX,21594
1448,Bob,Williams,user1448@example.com,(427)940-7577,101 Pine Ln,CityD,FL,73404
1449,Charlie,Brown,user1449@example.com,(546)728-9420,202 Birch Blvd,CityE,WA,99137
1450,John,Doe,user1450@example.com,(209)915-7654,123 Main St,CityA,CA,21392
1451,Jane,Smith,user1451@example.com,(603)748-1589,456 Maple Ave,CityB,NY,70537
1452,Alice,Johnson,user1452@example.com,(955)337-8424,789 Oak Dr,CityC,TX,14203
1453,Bob,Williams,user1453@example.com,(856)993-5352,101 Pine Ln,CityD,FL,38065
1454,Charlie,Brown,user1454@example.com,(831)854-7335,202 Birch Blvd,CityE,WA,63969
1455,John,Doe,user1455@example.com,(699)881-6241,123 Main St,CityA,CA,71985
1456,Jane,Smith,user1456@example.com,(816)983-7698,456 Maple Ave,CityB,NY,55882
1457,Alice,Johnson,user1457@example.com,(800)923-3803,789 Oak Dr,CityC,TX,55149
1458,Bob,Williams,user1458@example.com,(501)936-9488,101 Pine Ln,CityD,FL,73868
1459,Charlie,Brown,user1459@example.com,(852)870-1392,202 Birch Blvd,CityE,WA,16047
1460,John,Doe,user1460@example.com,(458)487-5438,123 Main St,CityA,CA,88965
1461,Jane,Smith,user1461@example.com,(426)697-8029,456 Maple Ave,CityB,NY,13453
1462,Alice,Johnson,user1462@example.com,(706)379-9025,789 Oak Dr,CityC,TX,84949
1463,Bob,Williams,user1463@example.com,(397)947-7834,101 Pine Ln,CityD,FL,75809
1464,Charlie,Brown,user1464@example.com,(475)824-7558,202 Birch Blvd,CityE,WA,12776
1465,John,Doe,user1465@example.com,(813)867-2520,123 Main St,CityA,CA,74227
1466,Jane,Smith,user1466@example.com,(449)312-6797,456 Maple Ave,CityB,NY,95360
1467,Alice,Johnson,user1467@example.com,(716)211-5725,789 Oak Dr,CityC,TX,81344
1468,Bob,Williams,user1468@example.com,(695)508-1426,101 Pine Ln,CityD,FL,53787
1469,Charlie,Brown,user1469@example.com,(355)556-6120,202 Birch Blvd,CityE,WA,62568
1470,John,Doe,user1470@example.com,(957)866-1091,123 Main St,CityA,CA,66958
1471,Jane,Smith,user1471@example.com,(852)594-3381,456 Maple Ave,CityB,NY,46670
1472,Alice,Johnson,user1472@example.com,(941)268-9292,789 Oak Dr,CityC,TX,19984
1473,Bob,Williams,user1473@example.com,(813)881-9678,101 Pine Ln,CityD,FL,15147
1474,Charlie,Brown,user1474@example.com,(506)403-8234,202 Birch Blvd,CityE,WA,47237
1475,John,Doe,user1475@example.com,(402)309-5912,123 Main St,CityA,CA,89768
1476,Jane,Smith,user1476@example.com,(888)296-5735,456 Maple Ave,CityB,NY,66510
1477,Alice,Johnson,user1477@example.com,(413)607-6666,789 Oak Dr,CityC,TX,74923
1478,Bob,Williams,user1478@example.com,(605)901-5729,101 Pine Ln,CityD,FL,66839
1479,Charlie,Brown,user1479@example.com,(265)911-8035,202 Birch Blvd,CityE,WA,11369
1480,John,Doe,user1480@example.com,(976)502-2599,123 Main St,CityA,CA,44707
1481,Jane,Smith,user1481@example.com,(471)612-8262,456 Maple Ave,CityB,NY,25126
1482,Alice,Johnson,user1482@example.com,(559)488-6998,789 Oak Dr,CityC,TX,22973
1483,Bob,Williams,user1483@example.com,(629)461-4193,101 Pine Ln,CityD,FL,51028
1484,Charlie,Brown,user1484@example.com,(559)573-7494,202 Birch Blvd,CityE,WA,41657
1485,John,Doe,user1485@example.com,(901)207-2292,123 Main St,CityA,CA,53934
1486,Jane,Smith,user1486@example.com,(626)749-2818,456 Maple Ave,CityB,NY,99846
1487,Alice,Johnson,user1487@example.com,(451)439-7510,789 Oak Dr,CityC,TX,63603
1488,Bob,Williams,user1488@example.com,(765)750-3608,101 Pine Ln,CityD,FL,26508
1489,Charlie,Brown,user1489@example.com,(421)541-8023,202 Birch Blvd,CityE,WA,26235
1490,John,Doe,user1490@example.com,(538)918-7646,123 Main St,CityA,CA,23673
1491,Jane,Smith,user1491@example.com,(526)746-9218,456 Maple Ave,CityB,NY,78661
1492,Alice,Johnson,user1492@example.com,(854)682-2506,789 Oak Dr,CityC,TX,52383
1493,Bob,Williams,user1493@example.com,(503)271-7159,101 Pine Ln,CityD,FL,29637
1494,Charlie,Brown,user1494@example.com,(622)293-9902,202 Birch Blvd,CityE,WA,59136
1495,John,Doe,user1495@example.com,(454)553-3805,123 Main St,CityA,CA,83956
1496,Jane,Smith,user1496@example.com,(675)859-2351,456 Maple Ave,CityB,NY,91827
1497,Alice,Johnson,user1497@example.com,(906)926-1672,789 Oak Dr,CityC,TX,89306
1498,Bob,Williams,user1498@example.com,(351)216-1167,101 Pine Ln,CityD,FL,49932
1499,Charlie,Brown,user1499@example.com,(561)271-5285,202 Birch Blvd,CityE,WA,75137
1500,John,Doe,user1500@example.com,(353)574-3086,123 Main St,CityA,CA,79323
1501,Jane,Smith,user1501@example.com,(301)605-8633,456 Maple Ave,CityB,NY,63641
1502,Alice,Johnson,user1502@example.com,(867)214-4239,789 Oak Dr,CityC,TX,35165
1503,Bob,Williams,user1503@example.com,(990)539-4701,101 Pine Ln,CityD,FL,83761
1504,Charlie,Brown,user1504@example.com,(569)358-1529,202 Birch Blvd,CityE,WA,52767
1505,John,Doe,user1505@example.com,(746)964-5520,123 Main St,CityA,CA,76185
1506,Jane,Smith,user1506@example.com,(830)462-5887,456 Maple Ave,CityB,NY,89463
1507,Alice,Johnson,user1507@example.com,(257)267-4799,789 Oak Dr,CityC,TX,43671
1508,Bob,Williams,user1508@example.com,(572)952-4506,101 Pine Ln,CityD,FL,56210
1509,Charlie,Brown,user1509@example.com,(405)372-4369,202 Birch Blvd,CityE,WA,21072
1510,John,Doe,user1510@example.com,(688)891-9190,123 Main St,CityA,CA,15392
1511,Jane,Smith,user1511@example.com,(628)955-1321,456 Maple Ave,CityB,NY,10171
1512,Alice,Johnson,user1512@example.com,(495)364-8501,789 Oak Dr,CityC,TX,48838
1513,Bob,Williams,user1513@example.com,(490)904-8916,101 Pine Ln,CityD,FL,18828
1514,Charlie,Brown,user1514@example.com,(794)631-1702,202 Birch Blvd,CityE,WA,19471
1515,John,Doe,user1515@example.com,(851)999-2320,123 Main St,CityA,CA,20187
1516,Jane,Smith,user1516@example.com,(853)504-2471,456 Maple Ave,CityB,NY,87346
1517,Alice,Johnson,user1517@example.com,(981)389-8616,789 Oak Dr,CityC,TX,58021
1518,Bob,Williams,user1518@example.com,(371)732-4307,101 Pine Ln,CityD,FL,81933
1519,Charlie,Brown,user1519@example.com,(976)636-2849,202 Birch Blvd,CityE,WA,22388
1520,John,Doe,user1520@example.com,(930)268-3934,123 Main St,CityA,CA,26512
1521,Jane,Smith,user1521@example.com,(929)494-6936,456 Maple Ave,CityB,NY,34795
1522,Alice,Johnson,user1522@example.com,(250)525-2367,789 Oak Dr,CityC,TX,64383
1523,Bob,Williams,user1523@example.com,(264)433-5161,101 Pine Ln,CityD,FL,78829
1524,Charlie,Brown,user1524@example.com,(277)751-6973,202 Birch Blvd,CityE,WA,24016
1525,John,Doe,user1525@example.com,(378)643-2115,123 Main St,CityA,CA,75929
1526,Jane,Smith,user1526@example.com,(253)474-8541,456 Maple Ave,CityB,NY,38624
1527,Alice,Johnson,user1527@example.com,(960)588-1204,789 Oak Dr,CityC,TX,44250
1528,Bob,Williams,user1528@example.com,(477)479-8660,101 Pine Ln,CityD,FL,93354
1529,Charlie,Brown,user1529@example.com,(617)363-1151,202 Birch Blvd,CityE,WA,72778
1530,John,Doe,user1530@example.com,(704)873-9881,123 Main St,CityA,CA,93550
1531,Jane,Smith,user1531@example.com,(979)945-2754,456 Maple Ave,CityB,NY,62509
1532,Alice,Johnson,user1532@example.com,(608)949-1661,789 Oak Dr,CityC,TX,27641
1533,Bob,Williams,user1533@example.com,(922)207-8847,101 Pine Ln,CityD,FL,31690
1534,Charlie,Brown,user1534@example.com,(808)387-6892,202 Birch Blvd,CityE,WA,57061
1535,John,Doe,user1535@example.com,(463)448-9334,123 Main St,CityA,CA,55800
1536,Jane,Smith,user1536@example.com,(486)293-3269,456 Maple Ave,CityB,NY,14457
1537,Alice,Johnson,user1537@example.com,(807)521-8352,789 Oak Dr,CityC,TX,28495
1538,Bob,Williams,user1538@example.com,(252)910-8850,101 Pine Ln,CityD,FL,52773
1539,Charlie,Brown,user1539@example.com,(636)336-8738,202 Birch Blvd,CityE,WA,20811
1540,John,Doe,user1540@example.com,(675)945-9271,123 Main St,CityA,CA,45212
1541,Jane,Smith,user1541@example.com,(818)323-7705,456 Maple Ave,CityB,NY,23820
1542,Alice,Johnson,user1542@example.com,(403)597-1907,789 Oak Dr,CityC,TX,45209
1543,Bob,Williams,user1543@example.com,(873)447-7095,101 Pine Ln,CityD,FL,81751
1544,Charlie,Brown,user1544@example.com,(218)477-1481,202 Birch Blvd,CityE,WA,12244
1545,John,Doe,user1545@example.com,(417)793-9298,123 Main St,CityA,CA,65486
1546,Jane,Smith,user1546@example.com,(523)343-2290,456 Maple Ave,CityB,NY,27195
1547,Alice,Johnson,user1547@example.com,(906)774-6737,789 Oak Dr,CityC,TX,24811
1548,Bob,Williams,user1548@example.com,(641)596-7078,101 Pine Ln,CityD,FL,23542
1549,Charlie,Brown,user1549@example.com,(820)858-4792,202 Birch Blvd,CityE,WA,17904
1550,John,Doe,user1550@example.com,(917)263-5951,123 Main St,CityA,CA,66814
1551,Jane,Smith,user1551@example.com,(697)386-3090,456 Maple Ave,CityB,NY,88947
1552,Alice,Johnson,user1552@example.com,(605)264-8926,789 Oak Dr,CityC,TX,40719
1553,Bob,Williams,user1553@example.com,(240)606-8056,101 Pine Ln,CityD,FL,86086
1554,Charlie,Brown,user1554@example.com,(960)399-9314,202 Birch Blvd,CityE,WA,81685
1555,John,Doe,user1555@example.com,(853)234-5336,123 Main St,CityA,CA,67992
1556,Jane,Smith,user1556@example.com,(677)200-7023,456 Maple Ave,CityB,NY,31071
1557,Alice,Johnson,user1557@example.com,(347)743-7704,789 Oak Dr,CityC,TX,67938
1558,Bob,Williams,user1558@example.com,(702)799-8442,101 Pine Ln,CityD,FL,12745
1559,Charlie,Brown,user1559@example.com,(607)845-8077,202 Birch Blvd,CityE,WA,19645
1560,John,Doe,user1560@example.com,(611)471-8001,123 Main St,CityA,CA,24060
1561,Jane,Smith,user1561@example.com,(497)687-3865,456 Maple Ave,CityB,NY,62504
1562,Alice,Johnson,user1562@example.com,(686)598-2508,789 Oak Dr,CityC,TX,34416
1563,Bob,Williams,user1563@example.com,(352)314-3241,101 Pine Ln,CityD,FL,50436
1564,Charlie,Brown,user1564@example.com,(976)849-8164,202 Birch Blvd,CityE,WA,48766
1565,John,Doe,user1565@example.com,(289)849-8994,123 Main St,CityA,CA,74230
1566,Jane,Smith,user1566@example.com,(418)474-4038,456 Maple Ave,CityB,NY,63163
1567,Alice,Johnson,user1567@example.com,(292)342-5526,789 Oak Dr,CityC,TX,16238
1568,Bob,Williams,user1568@example.com,(968)358-9192,101 Pine Ln,CityD,FL,33686
1569,Charlie,Brown,user1569@example.com,(287)223-4549,202 Birch Blvd,CityE,WA,28275
1570,John,Doe,user1570@example.com,(531)228-8517,123 Main St,CityA,CA,39053
1571,Jane,Smith,user1571@example.com,(710)580-3618,456 Maple Ave,CityB,NY,59818
1572,Alice,Johnson,user1572@example.com,(629)823-4056,789 Oak Dr,CityC,TX,65471
1573,Bob,Williams,user1573@example.com,(843)926-2571,101 Pine Ln,CityD,FL,68553
1574,Charlie,Brown,user1574@example.com,(455)754-8189,202 Birch Blvd,CityE,WA,66456
1575,John,Doe,user1575@example.com,(504)448-2046,123 Main St,CityA,CA,98200
1576,Jane,Smith,user1576@example.com,(321)774-8396,456 Maple Ave,CityB,NY,23339
1577,Alice,Johnson,user1577@example.com,(454)961-1313,789 Oak Dr,CityC,TX,36350
1578,Bob,Williams,user1578@example.com,(684)483-2039,101 Pine Ln,CityD,FL,10777
1579,Charlie,Brown,user1579@example.com,(376)625-9669,202 Birch Blvd,CityE,WA,33713
1580,John,Doe,user1580@example.com,(432)205-5177,123 Main St,CityA,CA,39227
1581,Jane,Smith,user1581@example.com,(508)307-7572,456 Maple Ave,CityB,NY,87455
1582,Alice,Johnson,user1582@example.com,(573)494-6605,789 Oak Dr,CityC,TX,47300
1583,Bob,Williams,user1583@example.com,(627)431-4190,101 Pine Ln,CityD,FL,13258
1584,Charlie,Brown,user1584@example.com,(587)745-2251,202 Birch Blvd,CityE,WA,10458
1585,John,Doe,user1585@example.com,(363)349-2166,123 Main St,CityA,CA,60101
1586,Jane,Smith,user1586@example.com,(536)248-1088,456 Maple Ave,CityB,NY,39782
1587,Alice,Johnson,user1587@example.com,(706)734-8152,789 Oak Dr,CityC,TX,31669
1588,Bob,Williams,user1588@example.com,(978)952-2397,101 Pine Ln,CityD,FL,67838
1589,Charlie,Brown,user1589@example.com,(368)552-7167,202 Birch Blvd,CityE,WA,42135
1590,John,Doe,user1590@example.com,(585)700-3151,123 Main St,CityA,CA,20630
1591,Jane,Smith,user1591@example.com,(452)865-6698,456 Maple Ave,CityB,NY,51762
1592,Alice,Johnson,user1592@example.com,(496)379-8984,789 Oak Dr,CityC,TX,49275
1593,Bob,Williams,user1593@example.com,(334)817-1384,101 Pine Ln,CityD,FL,22636
1594,Charlie,Brown,user1594@example.com,(511)221-7021,202 Birch Blvd,CityE,WA,95260
1595,John,Doe,user1595@example.com,(335)421-9526,123 Main St,CityA,CA,86728
1596,Jane,Smith,user1596@example.com,(574)931-5781,456 Maple Ave,CityB,NY,48239
1597,Alice,Johnson,user1597@example.com,(873)646-6383,789 Oak Dr,CityC,TX,28646
1598,Bob,Williams,user1598@example.com,(208)345-3922,101 Pine Ln,CityD,FL,28490
1599,Charlie,Brown,user1599@example.com,(552)421-8719,202 Birch Blvd,CityE,WA,74406
1600,John,Doe,user1600@example.com,(560)775-9779,123 Main St,CityA,CA,47298
1601,Jane,Smith,user1601@example.com,(273)630-4681,456 Maple Ave,CityB,NY,88961
1602,Alice,Johnson,user1602@example.com,(851)768-9751,789 Oak Dr,CityC,TX,96389
1603,Bob,Williams,user1603@example.com,(412)819-7094,101 Pine Ln,CityD,FL,59894
1604,Charlie,Brown,user1604@example.com,(714)290-2924,202 Birch Blvd,CityE,WA,14360
1605,John,Doe,user1605@example.com,(538)740-8295,123 Main St,CityA,CA,39841
1606,Jane,Smith,user1606@example.com,(690)463-6615,456 Maple Ave,CityB,NY,70027
1607,Alice,Johnson,user1607@example.com,(855)308-7955,789 Oak Dr,CityC,TX,88022
1608,Bob,Williams,user1608@example.com,(776)593-4912,101 Pine Ln,CityD,FL,80627
1609,Charlie,Brown,user1609@example.com,(267)674-9846,202 Birch Blvd,CityE,WA,71531
1610,John,Doe,user1610@example.com,(548)253-1859,123 Main St,CityA,CA,60150
1611,Jane,Smith,user1611@example.com,(906)389-7030,456 Maple Ave,CityB,NY,25109
1612,Alice,Johnson,user1612@example.com,(682)904-5714,789 Oak Dr,CityC,TX,47101
1613,Bob,Williams,user1613@example.com,(502)400-1272,101 Pine Ln,CityD,FL,92588
1614,Charlie,Brown,user1614@example.com,(278)918-9579,202 Birch Blvd,CityE,WA,87806
1615,John,Doe,user1615@example.com,(841)810-5404,123 Main St,CityA,CA,45186
1616,Jane,Smith,user1616@example.com,(208)958-3917,456 Maple Ave,CityB,NY,36310
1617,Alice,Johnson,user1617@example.com,(603)528-5363,789 Oak Dr,CityC,TX,64239
1618,Bob,Williams,user1618@example.com,(819)682-9662,101 Pine Ln,CityD,FL,71255
1619,Charlie,Brown,user1619@example.com,(976)610-4255,202 Birch Blvd,CityE,WA,40361
1620,John,Doe,user1620@example.com,(856)600-7917,123 Main St,CityA,CA,42847
1621,Jane,Smith,user1621@example.com,(720)258-1228,456 Maple Ave,CityB,NY,39029
1622,Alice,Johnson,user1622@example.com,(606)326-1255,789 Oak Dr,CityC,TX,94881
1623,Bob,Williams,user1623@example.com,(776)445-1586,101 Pine Ln,CityD,FL,26767
1624,Charlie,Brown,user1624@example.com,(856)902-8954,202 Birch Blvd,CityE,WA,85965
1625,John,Doe,user1625@example.com,(698)490-7725,123 Main St,CityA,CA,45036
1626,Jane,Smith,user1626@example.com,(491)958-4225,456 Maple Ave,CityB,NY,20746
1627,Alice,Johnson,user1627@example.com,(493)314-3943,789 Oak Dr,CityC,TX,18619
1628,Bob,Williams,user1628@example.com,(869)634-1609,101 Pine Ln,CityD,FL,56821
1629,Charlie,Brown,user1629@example.com,(654)353-9837,202 Birch Blvd,CityE,WA,36242
1630,John,Doe,user1630@example.com,(485)237-8873,123 Main St,CityA,CA,93611
1631,Jane,Smith,user1631@example.com,(691)958-2074,456 Maple Ave,CityB,NY,71034
1632,Alice,Johnson,user1632@example.com,(270)522-9101,789 Oak Dr,CityC,TX,25776
1633,Bob,Williams,user1633@example.com,(884)983-7398,101 Pine Ln,CityD,FL,60965
1634,Charlie,Brown,user1634@example.com,(633)302-1950,202 Birch Blvd,CityE,WA,13411
1635,John,Doe,user1635@example.com,(541)917-6750,123 Main St,CityA,CA,28569
1636,Jane,Smith,user1636@example.com,(576)862-1689,456 Maple Ave,CityB,NY,33729
1637,Alice,Johnson,user1637@example.com,(969)630-1560,789 Oak Dr,CityC,TX,92843
1638,Bob,Williams,user1638@example.com,(876)216-2471,101 Pine Ln,CityD,FL,13265
1639,Charlie,Brown,user1639@example.com,(459)926-3108,202 Birch Blvd,CityE,WA,95842
1640,John,Doe,user1640@example.com,(393)888-1189,123 Main St,CityA,CA,47397
1641,Jane,Smith,user1641@example.com,(390)730-5237,456 Maple Ave,CityB,NY,51673
1642,Alice,Johnson,user1642@example.com,(395)438-9975,789 Oak Dr,CityC,TX,90725
1643,Bob,Williams,user1643@example.com,(309)553-8989,101 Pine Ln,CityD,FL,37670
1644,Charlie,Brown,user1644@example.com,(271)808-2574,202 Birch Blvd,CityE,WA,60907
1645,John,Doe,user1645@example.com,(739)543-5232,123 Main St,CityA,CA,85796
1646,Jane,Smith,user1646@example.com,(723)413-7468,456 Maple Ave,CityB,NY,65893
1647,Alice,Johnson,user1647@example.com,(897)425-4561,789 Oak Dr,CityC,TX,93851
1648,Bob,Williams,user1648@example.com,(488)442-7759,101 Pine Ln,CityD,FL,87136
1649,Charlie,Brown,user1649@example.com,(932)578-8073,202 Birch Blvd,CityE,WA,19008
1650,John,Doe,user1650@example.com,(901)408-9796,123 Main St,CityA,CA,52334
1651,Jane,Smith,user1651@example.com,(529)237-3647,456 Maple Ave,CityB,NY,31794
1652,Alice,Johnson,user1652@example.com,(501)509-3638,789 Oak Dr,CityC,TX,91469
1653,Bob,Williams,user1653@example.com,(760)622-1300,101 Pine Ln,CityD,FL,60123
1654,Charlie,Brown,user1654@example.com,(567)786-7766,202 Birch Blvd,CityE,WA,64181
1655,John,Doe,user1655@example.com,(253)891-9190,123 Main St,CityA,CA,55374
1656,Jane,Smith,user1656@example.com,(506)494-2206,456 Maple Ave,CityB,NY,26287
1657,Alice,Johnson,user1657@example.com,(922)902-6859,789 Oak Dr,CityC,TX,16578
1658,Bob,Williams,user1658@example.com,(801)282-6313,101 Pine Ln,CityD,FL,85223
1659,Charlie,Brown,user1659@example.com,(985)986-4890,202 Birch Blvd,CityE,WA,85555
1660,John,Doe,user1660@example.com,(652)321-6676,123 Main St,CityA,CA,29712
1661,Jane,Smith,user1661@example.com,(744)689-4576,456 Maple Ave,CityB,NY,81847
1662,Alice,Johnson,user1662@example.com,(733)649-8056,789 Oak Dr,CityC,TX,49353
1663,Bob,Williams,user1663@example.com,(657)775-8037,101 Pine Ln,CityD,FL,56421
1664,Charlie,Brown,user1664@example.com,(640)308-2845,202 Birch Blvd,CityE,WA,57699
1665,John,Doe,user1665@example.com,(493)983-4528,123 Main St,CityA,CA,26826
1666,Jane,Smith,user1666@example.com,(710)440-5110,456 Maple Ave,CityB,NY,69925
1667,Alice,Johnson,user1667@example.com,(659)394-5814,789 Oak Dr,CityC,TX,95885
1668,Bob,Williams,user1668@example.com,(219)476-4092,101 Pine Ln,CityD,FL,72514
1669,Charlie,Brown,user1669@example.com,(414)732-6245,202 Birch Blvd,CityE,WA,83106
1670,John,Doe,user1670@example.com,(585)250-7406,123 Main St,CityA,CA,38329
1671,Jane,Smith,user1671@example.com,(528)355-9456,456 Maple Ave,CityB,NY,20104
1672,Alice,Johnson,user1672@example.com,(988)409-3383,789 Oak Dr,CityC,TX,85129
1673,Bob,Williams,user1673@example.com,(357)216-3499,101 Pine Ln,CityD,FL,49131
1674,Charlie,Brown,user1674@example.com,(475)751-1388,202 Birch Blvd,CityE,WA,30244
1675,John,Doe,user1675@example.com,(983)803-6874,123 Main St,CityA,CA,51932
1676,Jane,Smith,user1676@example.com,(915)413-2693,456 Maple Ave,CityB,NY,90391
1677,Alice,Johnson,user1677@example.com,(467)604-9653,789 Oak Dr,CityC,TX,49425
1678,Bob,Williams,user1678@example.com,(241)288-1037,101 Pine Ln,CityD,FL,88131
1679,Charlie,Brown,user1679@example.com,(379)497-4179,202 Birch Blvd,CityE,WA,76715
1680,John,Doe,user1680@example.com,(439)394-5984,123 Main St,CityA,CA,62796
1681,Jane,Smith,user1681@example.com,(770)894-1150,456 Maple Ave,CityB,NY,23968
1682,Alice,Johnson,user1682@example.com,(716)627-8606,789 Oak Dr,CityC,TX,67954
1683,Bob,Williams,user1683@example.com,(685)345-6375,101 Pine Ln,CityD,FL,64081
1684,Charlie,Brown,user1684@example.com,(627)460-3864,202 Birch Blvd,CityE,WA,57111
1685,John,Doe,user1685@example.com,(228)701-9017,123 Main St,CityA,CA,25358
1686,Jane,Smith,user1686@example.com,(223)475-3389,456 Maple Ave,CityB,NY,59315
1687,Alice,Johnson,user1687@example.com,(639)733-2938,789 Oak Dr,CityC,TX,69044
1688,Bob,Williams,user1688@example.com,(870)619-9311,101 Pine Ln,CityD,FL,16646
1689,Charlie,Brown,user1689@example.com,(343)997-2528,202 Birch Blvd,CityE,WA,15869
1690,John,Doe,user1690@example.com,(264)992-9619,123 Main St,CityA,CA,54261
1691,Jane,Smith,user1691@example.com,(813)815-2608,456 Maple Ave,CityB,NY,78783
1692,Alice,Johnson,user1692@example.com,(969)792-2427,789 Oak Dr,CityC,TX,18792
1693,Bob,Williams,user1693@example.com,(353)355-2549,101 Pine Ln,CityD,FL,39209
1694,Charlie,Brown,user1694@example.com,(711)362-9280,202 Birch Blvd,CityE,WA,22745
1695,John,Doe,user1695@example.com,(662)596-1689,123 Main St,CityA,CA,93923
1696,Jane,Smith,user1696@example.com,(724)531-7793,456 Maple Ave,CityB,NY,23854
1697,Alice,Johnson,user1697@example.com,(420)885-8776,789 Oak Dr,CityC,TX,68600
1698,Bob,Williams,user1698@example.com,(827)426-7161,101 Pine Ln,CityD,FL,97289
1699,Charlie,Brown,user1699@example.com,(889)448-5288,202 Birch Blvd,CityE,WA,67696
1700,John,Doe,user1700@example.com,(450)924-2320,123 Main St,CityA,CA,96703
1701,Jane,Smith,user1701@example.com,(476)831-7538,456 Maple Ave,CityB,NY,21721
1702,Alice,Johnson,user1702@example.com,(613)483-9923,789 Oak Dr,CityC,TX,18548
1703,Bob,Williams,user1703@example.com,(347)927-5686,101 Pine Ln,CityD,FL,90835
1704,Charlie,Brown,user1704@example.com,(762)470-5966,202 Birch Blvd,CityE,WA,26097
1705,John,Doe,user1705@example.com,(687)261-4894,123 Main St,CityA,CA,30086
1706,Jane,Smith,user1706@example.com,(276)439-4310,456 Maple Ave,CityB,NY,51200
1707,Alice,Johnson,user1707@example.com,(876)982-7294,789 Oak Dr,CityC,TX,62794
1708,Bob,Williams,user1708@example.com,(767)259-8673,101 Pine Ln,CityD,FL,21891
1709,Charlie,Brown,user1709@example.com,(922)946-6283,202 Birch Blvd,CityE,WA,62186
1710,John,Doe,user1710@example.com,(574)419-8555,123 Main St,CityA,CA,99695
1711,Jane,Smith,user1711@example.com,(877)742-4159,456 Maple Ave,CityB,NY,59797
1712,Alice,Johnson,user1712@example.com,(384)956-3495,789 Oak Dr,CityC,TX,14993
1713,Bob,Williams,user1713@example.com,(427)460-2363,101 Pine Ln,CityD,FL,43915
1714,Charlie,Brown,user1714@example.com,(686)662-1765,202 Birch Blvd,CityE,WA,18987
1715,John,Doe,user1715@example.com,(983)648-5458,123 Main St,CityA,CA,10181
1716,Jane,Smith,user1716@example.com,(614)459-1449,456 Maple Ave,CityB,NY,10638
1717,Alice,Johnson,user1717@example.com,(523)593-6936,789 Oak Dr,CityC,TX,89979
1718,Bob,Williams,user1718@example.com,(609)591-6720,101 Pine Ln,CityD,FL,68484
1719,Charlie,Brown,user1719@example.com,(709)948-8802,202 Birch Blvd,CityE,WA,13677
1720,John,Doe,user1720@example.com,(910)612-7263,123 Main St,CityA,CA,73215
1721,Jane,Smith,user1721@example.com,(738)833-9333,456 Maple Ave,CityB,NY,77867
1722,Alice,Johnson,user1722@example.com,(686)542-4515,789 Oak Dr,CityC,TX,60559
1723,Bob,Williams,user1723@example.com,(827)656-6138,101 Pine Ln,CityD,FL,29457
1724,Charlie,Brown,user1724@example.com,(349)258-1975,202 Birch Blvd,CityE,WA,14659
1725,John,Doe,user1725@example.com,(287)364-3707,123 Main St,CityA,CA,46262
1726,Jane,Smith,user1726@example.com,(362)837-3991,456 Maple Ave,CityB,NY,18020
1727,Alice,Johnson,user1727@example.com,(704)901-4164,789 Oak Dr,CityC,TX,56992
1728,Bob,Williams,user1728@example.com,(623)631-2001,101 Pine Ln,CityD,FL,57130
1729,Charlie,Brown,user1729@example.com,(727)542-1975,202 Birch Blvd,CityE,WA,34573
1730,John,Doe,user1730@example.com,(766)493-8195,123 Main St,CityA,CA,73268
1731,Jane,Smith,user1731@example.com,(805)814-1280,456 Maple Ave,CityB,NY,72478
1732,Alice,Johnson,user1732@example.com,(334)633-9860,789 Oak Dr,CityC,TX,23309
1733,Bob,Williams,user1733@example.com,(345)549-8440,101 Pine Ln,CityD,FL,69895
1734,Charlie,Brown,user1734@example.com,(223)357-8954,202 Birch Blvd,CityE,WA,73680
1735,John,Doe,user1735@example.com,(860)571-4485,123 Main St,CityA,CA,21707
1736,Jane,Smith,user1736@example.com,(557)610-5891,456 Maple Ave,CityB,NY,33441
1737,Alice,Johnson,user1737@example.com,(651)346-1783,789 Oak Dr,CityC,TX,64898
1738,Bob,Williams,user1738@example.com,(350)967-8181,101 Pine Ln,CityD,FL,76924
1739,Charlie,Brown,user1739@example.com,(813)590-5944,202 Birch Blvd,CityE,WA,74873
1740,John,Doe,user1740@example.com,(576)242-7857,123 Main St,CityA,CA,54751
1741,Jane,Smith,user1741@example.com,(967)392-9137,456 Maple Ave,CityB,NY,52027
1742,Alice,Johnson,user1742@example.com,(776)496-5203,789 Oak Dr,CityC,TX,93674
1743,Bob,Williams,user1743@example.com,(567)401-1091,101 Pine Ln,CityD,FL,87635
1744,Charlie,Brown,user1744@example.com,(964)643-3551,202 Birch Blvd,CityE,WA,20581
1745,John,Doe,user1745@example.com,(697)860-5872,123 Main St,CityA,CA,74756
1746,Jane,Smith,user1746@example.com,(938)975-4008,456 Maple Ave,CityB,NY,33394
1747,Alice,Johnson,user1747@example.com,(879)503-6542,789 Oak Dr,CityC,TX,99624
1748,Bob,Williams,user1748@example.com,(897)954-8193,101 Pine Ln,CityD,FL,41302
1749,Charlie,Brown,user1749@example.com,(380)662-3575,202 Birch Blvd,CityE,WA,55040
1750,John,Doe,user1750@example.com,(510)399-1156,123 Main St,CityA,CA,77810
1751,Jane,Smith,user1751@example.com,(230)353-4376,456 Maple Ave,CityB,NY,80551
1752,Alice,Johnson,user1752@example.com,(396)834-4182,789 Oak Dr,CityC,TX,30323
1753,Bob,Williams,user1753@example.com,(693)244-9212,101 Pine Ln,CityD,FL,79824
1754,Charlie,Brown,user1754@example.com,(841)691-5767,202 Birch Blvd,CityE,WA,84947
1755,John,Doe,user1755@example.com,(574)672-2958,123 Main St,CityA,CA,63712
1756,Jane,Smith,user1756@example.com,(477)261-2061,456 Maple Ave,CityB,NY,35398
1757,Alice,Johnson,user1757@example.com,(508)461-3258,789 Oak Dr,CityC,TX,67232
1758,Bob,Williams,user1758@example.com,(777)494-4851,101 Pine Ln,CityD,FL,69143
1759,Charlie,Brown,user1759@example.com,(915)265-6123,202 Birch Blvd,CityE,WA,38223
1760,John,Doe,user1760@example.com,(344)836-2057,123 Main St,CityA,CA,33454
1761,Jane,Smith,user1761@example.com,(727)229-6442,456 Maple Ave,CityB,NY,61897
1762,Alice,Johnson,user1762@example.com,(823)814-4065,789 Oak Dr,CityC,TX,12171
1763,Bob,Williams,user1763@example.com,(844)290-1788,101 Pine Ln,CityD,FL,95793
1764,Charlie,Brown,user1764@example.com,(421)385-6277,202 Birch Blvd,CityE,WA,36034
1765,John,Doe,user1765@example.com,(904)947-7775,123 Main St,CityA,CA,56255
1766,Jane,Smith,user1766@example.com,(305)418-9974,456 Maple Ave,CityB,NY,40077
1767,Alice,Johnson,user1767@example.com,(266)421-3556,789 Oak Dr,CityC,TX,54958
1768,Bob,Williams,user1768@example.com,(492)851-5630,101 Pine Ln,CityD,FL,26710
1769,Charlie,Brown,user1769@example.com,(811)463-1032,202 Birch Blvd,CityE,WA,47492
1770,John,Doe,user1770@example.com,(900)424-6248,123 Main St,CityA,CA,34552
1771,Jane,Smith,user1771@example.com,(862)540-4865,456 Maple Ave,CityB,NY,95642
1772,Alice,Johnson,user1772@example.com,(863)914-4000,789 Oak Dr,CityC,TX,52392
1773,Bob,Williams,user1773@example.com,(288)632-4628,101 Pine Ln,CityD,FL,35566
1774,Charlie,Brown,user1774@example.com,(264)292-9596,202 Birch Blvd,CityE,WA,97289
1775,John,Doe,user1775@example.com,(320)297-7730,123 Main St,CityA,CA,36259
1776,Jane,Smith,user1776@example.com,(637)848-9221,456 Maple Ave,CityB,NY,50970
1777,Alice,Johnson,user1777@example.com,(226)836-2023,789 Oak Dr,CityC,TX,95988
1778,Bob,Williams,user1778@example.com,(834)609-2424,101 Pine Ln,CityD,FL,98704
1779,Charlie,Brown,user1779@example.com,(204)764-5668,202 Birch Blvd,CityE,WA,23530
1780,John,Doe,user1780@example.com,(953)600-6827,123 Main St,CityA,CA,28736
1781,Jane,Smith,user1781@example.com,(913)239-3561,456 Maple Ave,CityB,NY,71762
1782,Alice,Johnson,user1782@example.com,(984)424-2174,789 Oak Dr,CityC,TX,59532
1783,Bob,Williams,user1783@example.com,(916)899-3637,101 Pine Ln,CityD,FL,53643
1784,Charlie,Brown,user1784@example.com,(648)843-9869,202 Birch Blvd,CityE,WA,89654
1785,John,Doe,user1785@example.com,(303)250-5232,123 Main St,CityA,CA,72096
1786,Jane,Smith,user1786@example.com,(784)610-6154,456 Maple Ave,CityB,NY,68233
1787,Alice,Johnson,user1787@example.com,(464)920-5954,789 Oak Dr,CityC,TX,62915
1788,Bob,Williams,user1788@example.com,(976)272-6554,101 Pine Ln,CityD,FL,29982
1789,Charlie,Brown,user1789@example.com,(519)491-8995,202 Birch Blvd,CityE,WA,81645
1790,John,Doe,user1790@example.com,(438)785-5117,123 Main St,CityA,CA,68626
1791,Jane,Smith,user1791@example.com,(299)712-3090,456 Maple Ave,CityB,NY,54198
1792,Alice,Johnson,user1792@example.com,(449)673-8469,789 Oak Dr,CityC,TX,14728
1793,Bob,Williams,user1793@example.com,(547)729-8531,101 Pine Ln,CityD,FL,20238
1794,Charlie,Brown,user1794@example.com,(746)764-2016,202 Birch Blvd,CityE,WA,82766
1795,John,Doe,user1795@example.com,(929)760-2748,123 Main St,CityA,CA,56391
1796,Jane,Smith,user1796@example.com,(863)605-4387,456 Maple Ave,CityB,NY,73649
1797,Alice,Johnson,user1797@example.com,(334)924-7176,789 Oak Dr,CityC,TX,65704
1798,Bob,Williams,user1798@example.com,(295)749-6729,101 Pine Ln,CityD,FL,70918
1799,Charlie,Brown,user1799@example.com,(762)433-9896,202 Birch Blvd,CityE,WA,44063
1800,John,Doe,user1800@example.com,(335)291-5227,123 Main St,CityA,CA,21838
1801,Jane,Smith,user1801@example.com,(655)206-1172,456 Maple Ave,CityB,NY,55138
1802,Alice,Johnson,user1802@example.com,(749)658-7858,789 Oak Dr,CityC,TX,39155
1803,Bob,Williams,user1803@example.com,(794)421-7268,101 Pine Ln,CityD,FL,93944
1804,Charlie,Brown,user1804@example.com,(341)814-6441,202 Birch Blvd,CityE,WA,59814
1805,John,Doe,user1805@example.com,(439)889-7962,123 Main St,CityA,CA,76271
1806,Jane,Smith,user1806@example.com,(779)892-5072,456 Maple Ave,CityB,NY,87421
1807,Alice,Johnson,user1807@example.com,(857)334-1264,789 Oak Dr,CityC,TX,40039
1808,Bob,Williams,user1808@example.com,(400)804-6060,101 Pine Ln,CityD,FL,18590
1809,Charlie,Brown,user1809@example.com,(583)412-2755,202 Birch Blvd,CityE,WA,93428
1810,John,Doe,user1810@example.com,(722)763-2708,123 Main St,CityA,CA,12403
1811,Jane,Smith,user1811@example.com,(521)685-1455,456 Maple Ave,CityB,NY,29350
1812,Alice,Johnson,user1812@example.com,(997)685-1762,789 Oak Dr,CityC,TX,18388
1813,Bob,Williams,user1813@example.com,(880)803-4375,101 Pine Ln,CityD,FL,17418
1814,Charlie,Brown,user1814@example.com,(871)677-1173,202 Birch Blvd,CityE,WA,27151
1815,John,Doe,user1815@example.com,(287)866-5368,123 Main St,CityA,CA,10356
1816,Jane,Smith,user1816@example.com,(849)476-7121,456 Maple Ave,CityB,NY,55163
1817,Alice,Johnson,user1817@example.com,(940)480-5987,789 Oak Dr,CityC,TX,11310
1818,Bob,Williams,user1818@example.com,(481)727-1269,101 Pine Ln,CityD,FL,36084
1819,Charlie,Brown,user1819@example.com,(966)644-2742,202 Birch Blvd,CityE,WA,68254
1820,John,Doe,user1820@example.com,(554)689-2171,123 Main St,CityA,CA,12438
1821,Jane,Smith,user1821@example.com,(527)847-3347,456 Maple Ave,CityB,NY,21817
1822,Alice,Johnson,user1822@example.com,(896)380-8859,789 Oak Dr,CityC,TX,83991
1823,Bob,Williams,user1823@example.com,(519)541-9844,101 Pine Ln,CityD,FL,65028
1824,Charlie,Brown,user1824@example.com,(347)245-8331,202 Birch Blvd,CityE,WA,53921
1825,John,Doe,user1825@example.com,(444)485-8077,123 Main St,CityA,CA,39909
1826,Jane,Smith,user1826@example.com,(231)811-9531,456 Maple Ave,CityB,NY,81284
1827,Alice,Johnson,user1827@example.com,(412)844-8473,789 Oak Dr,CityC,TX,28741
1828,Bob,Williams,user1828@example.com,(777)530-1876,101 Pine Ln,CityD,FL,97668
1829,Charlie,Brown,user1829@example.com,(306)925-4248,202 Birch Blvd,CityE,WA,70486
1830,John,Doe,user1830@example.com,(485)276-4121,123 Main St,CityA,CA,57255
1831,Jane,Smith,user1831@example.com,(526)655-6724,456 Maple Ave,CityB,NY,43399
1832,Alice,Johnson,user1832@example.com,(858)959-6788,789 Oak Dr,CityC,TX,21296
1833,Bob,Williams,user1833@example.com,(331)579-6675,101 Pine Ln,CityD,FL,72020
1834,Charlie,Brown,user1834@example.com,(543)962-4547,202 Birch Blvd,CityE,WA,28368
1835,John,Doe,user1835@example.com,(995)534-4812,123 Main St,CityA,CA,35948
1836,Jane,Smith,user1836@example.com,(856)910-4747,456 Maple Ave,CityB,NY,79945
1837,Alice,Johnson,user1837@example.com,(308)290-9294,789 Oak Dr,CityC,TX,28366
1838,Bob,Williams,user1838@example.com,(516)417-6785,101 Pine Ln,CityD,FL,79131
1839,Charlie,Brown,user1839@example.com,(523)290-3336,202 Birch Blvd,CityE,WA,52580
1840,John,Doe,user1840@example.com,(375)998-7913,123 Main St,CityA,CA,44176
1841,Jane,Smith,user1841@example.com,(462)446-1377,456 Maple Ave,CityB,NY,48998
1842,Alice,Johnson,user1842@example.com,(271)730-8201,789 Oak Dr,CityC,TX,92654
1843,Bob,Williams,user1843@example.com,(452)924-4205,101 Pine Ln,CityD,FL,45109
1844,Charlie,Brown,user1844@example.com,(585)651-8558,202 Birch Blvd,CityE,WA,32329
1845,John,Doe,user1845@example.com,(778)387-1543,123 Main St,CityA,CA,68754
1846,Jane,Smith,user1846@example.com,(507)206-6011,456 Maple Ave,CityB,NY,57300
1847,Alice,Johnson,user1847@example.com,(618)447-8726,789 Oak Dr,CityC,TX,25552
1848,Bob,Williams,user1848@example.com,(753)230-6603,101 Pine Ln,CityD,FL,22140
1849,Charlie,Brown,user1849@example.com,(818)577-5796,202 Birch Blvd,CityE,WA,17872
1850,John,Doe,user1850@example.com,(891)865-1917,123 Main St,CityA,CA,67689
1851,Jane,Smith,user1851@example.com,(789)838-9937,456 Maple Ave,CityB,NY,25725
1852,Alice,Johnson,user1852@example.com,(839)272-2590,789 Oak Dr,CityC,TX,53924
1853,Bob,Williams,user1853@example.com,(717)455-2947,101 Pine Ln,CityD,FL,92865
1854,Charlie,Brown,user1854@example.com,(346)448-3324,202 Birch Blvd,CityE,WA,22933
1855,John,Doe,user1855@example.com,(834)915-2526,123 Main St,CityA,CA,33499
1856,Jane,Smith,user1856@example.com,(247)456-9199,456 Maple Ave,CityB,NY,10712
1857,Alice,Johnson,user1857@example.com,(366)924-7572,789 Oak Dr,CityC,TX,50047
1858,Bob,Williams,user1858@example.com,(262)695-2144,101 Pine Ln,CityD,FL,70734
1859,Charlie,Brown,user1859@example.com,(764)955-9431,202 Birch Blvd,CityE,WA,90140
1860,John,Doe,user1860@example.com,(644)781-9373,123 Main St,CityA,CA,63611
1861,Jane,Smith,user1861@example.com,(397)555-9004,456 Maple Ave,CityB,NY,59314
1862,Alice,Johnson,user1862@example.com,(323)921-4845,789 Oak Dr,CityC,TX,87699
1863,Bob,Williams,user1863@example.com,(969)717-9216,101 Pine Ln,CityD,FL,26389
1864,Charlie,Brown,user1864@example.com,(384)458-2571,202 Birch Blvd,CityE,WA,19704
1865,John,Doe,user1865@example.com,(467)643-4297,123 Main St,CityA,CA,75553
1866,Jane,Smith,user1866@example.com,(915)552-6443,456 Maple Ave,CityB,NY,83502
1867,Alice,Johnson,user1867@example.com,(390)980-6425,789 Oak Dr,CityC,TX,28208
1868,Bob,Williams,user1868@example.com,(908)939-1740,101 Pine Ln,CityD,FL,11311
1869,Charlie,Brown,user1869@example.com,(733)999-5529,202 Birch Blvd,CityE,WA,61343
1870,John,Doe,user1870@example.com,(270)277-9233,123 Main St,CityA,CA,66766
1871,Jane,Smith,user1871@example.com,(750)763-9407,456 Maple Ave,CityB,NY,13743
1872,Alice,Johnson,user1872@example.com,(969)992-2873,789 Oak Dr,CityC,TX,77831
1873,Bob,Williams,user1873@example.com,(514)693-5388,101 Pine Ln,CityD,FL,85299
1874,Charlie,Brown,user1874@example.com,(890)401-2699,202 Birch Blvd,CityE,WA,59576
1875,John,Doe,user1875@example.com,(686)722-9199,123 Main St,CityA,CA,16211
1876,Jane,Smith,user1876@example.com,(512)479-4956,456 Maple Ave,CityB,NY,10826
1877,Alice,Johnson,user1877@example.com,(662)420-6177,789 Oak Dr,CityC,TX,39503
1878,Bob,Williams,user1878@example.com,(857)451-6388,101 Pine Ln,CityD,FL,37250
1879,Charlie,Brown,user1879@example.com,(809)714-5301,202 Birch Blvd,CityE,WA,33353
1880,John,Doe,user1880@example.com,(402)317-9236,123 Main St,CityA,CA,16574
1881,Jane,Smith,user1881@example.com,(454)933-5662,456 Maple Ave,CityB,NY,84198
1882,Alice,Johnson,user1882@example.com,(726)682-2163,789 Oak Dr,CityC,TX,25793
1883,Bob,Williams,user1883@example.com,(737)425-1798,101 Pine Ln,CityD,FL,62834
1884,Charlie,Brown,user1884@example.com,(779)709-9315,202 Birch Blvd,CityE,WA,67469
1885,John,Doe,user1885@example.com,(224)386-6699,123 Main St,CityA,CA,41070
1886,Jane,Smith,user1886@example.com,(798)444-9946,456 Maple Ave,CityB,NY,85589
1887,Alice,Johnson,user1887@example.com,(996)917-6740,789 Oak Dr,CityC,TX,50954
1888,Bob,Williams,user1888@example.com,(901)625-4810,101 Pine Ln,CityD,FL,58067
1889,Charlie,Brown,user1889@example.com,(578)930-2352,202 Birch Blvd,CityE,WA,95250
1890,John,Doe,user1890@example.com,(282)730-1832,123 Main St,CityA,CA,58959
1891,Jane,Smith,user1891@example.com,(790)732-2266,456 Maple Ave,CityB,NY,23886
1892,Alice,Johnson,user1892@example.com,(529)222-3370,789 Oak Dr,CityC,TX,31359
1893,Bob,Williams,user1893@example.com,(965)291-7029,101 Pine Ln,CityD,FL,21198
1894,Charlie,Brown,user1894@example.com,(636)514-6223,202 Birch Blvd,CityE,WA,14009
1895,John,Doe,user1895@example.com,(567)256-7268,123 Main St,CityA,CA,39318
1896,Jane,Smith,user1896@example.com,(293)886-2515,456 Maple Ave,CityB,NY,28506
1897,Alice,Johnson,user1897@example.com,(841)769-1598,789 Oak Dr,CityC,TX,32642
1898,Bob,Williams,user1898@example.com,(209)586-6211,101 Pine Ln,CityD,FL,91319
1899,Charlie,Brown,user1899@example.com,(310)685-3922,202 Birch Blvd,CityE,WA,25109
1900,John,Doe,user1900@example.com,(457)893-5360,123 Main St,CityA,CA,43660
1901,Jane,Smith,user1901@example.com,(957)866-3069,456 Maple Ave,CityB,NY,20897
1902,Alice,Johnson,user1902@example.com,(202)909-8031,789 Oak Dr,CityC,TX,55496
1903,Bob,Williams,user1903@example.com,(683)357-9622,101 Pine Ln,CityD,FL,56460
1904,Charlie,Brown,user1904@example.com,(565)241-1099,202 Birch Blvd,CityE,WA,90815
1905,John,Doe,user1905@example.com,(484)720-8120,123 Main St,CityA,CA,88092
1906,Jane,Smith,user1906@example.com,(571)222-1500,456 Maple Ave,CityB,NY,74576
1907,Alice,Johnson,user1907@example.com,(877)817-6460,789 Oak Dr,CityC,TX,59671
1908,Bob,Williams,user1908@example.com,(472)593-3023,101 Pine Ln,CityD,FL,70312
1909,Charlie,Brown,user1909@example.com,(954)768-6006,202 Birch Blvd,CityE,WA,56625
1910,John,Doe,user1910@example.com,(533)200-7540,123 Main St,CityA,CA,59755
1911,Jane,Smith,user1911@example.com,(999)724-7782,456 Maple Ave,CityB,NY,73505
1912,Alice,Johnson,user1912@example.com,(429)955-9815,789 Oak Dr,CityC,TX,80554
1913,Bob,Williams,user1913@example.com,(846)460-9267,101 Pine Ln,CityD,FL,82095
1914,Charlie,Brown,user1914@example.com,(971)979-4496,202 Birch Blvd,CityE,WA,98942
1915,John,Doe,user1915@example.com,(756)634-8498,123 Main St,CityA,CA,45416
1916,Jane,Smith,user1916@example.com,(825)477-3412,456 Maple Ave,CityB,NY,76000
1917,Alice,Johnson,user1917@example.com,(235)503-6801,789 Oak Dr,CityC,TX,90392
1918,Bob,Williams,user1918@example.com,(300)290-2141,101 Pine Ln,CityD,FL,95403
1919,Charlie,Brown,user1919@example.com,(202)561-4021,202 Birch Blvd,CityE,WA,33417
1920,John,Doe,user1920@example.com,(420)273-4724,123 Main St,CityA,CA,46144
1921,Jane,Smith,user1921@example.com,(824)475-6731,456 Maple Ave,CityB,NY,23178
1922,Alice,Johnson,user1922@example.com,(919)422-6502,789 Oak Dr,CityC,TX,39927
1923,Bob,Williams,user1923@example.com,(581)826-7542,101 Pine Ln,CityD,FL,99601
1924,Charlie,Brown,user1924@example.com,(259)894-6396,202 Birch Blvd,CityE,WA,88099
1925,John,Doe,user1925@example.com,(249)355-3645,123 Main St,CityA,CA,38071
1926,Jane,Smith,user1926@example.com,(871)269-4380,456 Maple Ave,CityB,NY,53330
1927,Alice,Johnson,user1927@example.com,(517)897-5962,789 Oak Dr,CityC,TX,47694
1928,Bob,Williams,user1928@example.com,(328)231-7555,101 Pine Ln,CityD,FL,27041
1929,Charlie,Brown,user1929@example.com,(541)625-6936,202 Birch Blvd,CityE,WA,79790
1930,John,Doe,user1930@example.com,(319)441-5916,123 Main St,CityA,CA,95806
1931,Jane,Smith,user1931@example.com,(295)450-6122,456 Maple Ave,CityB,NY,61365
1932,Alice,Johnson,user1932@example.com,(941)711-8316,789 Oak Dr,CityC,TX,27435
1933,Bob,Williams,user1933@example.com,(858)255-2398,101 Pine Ln,CityD,FL,22911
1934,Charlie,Brown,user1934@example.com,(794)791-5835,202 Birch Blvd,CityE,WA,45711
1935,John,Doe,user1935@example.com,(218)553-9886,123 Main St,CityA,CA,56774
1936,Jane,Smith,user1936@example.com,(507)432-1470,456 Maple Ave,CityB,NY,72751
1937,Alice,Johnson,user1937@example.com,(985)866-8560,789 Oak Dr,CityC,TX,77009
1938,Bob,Williams,user1938@example.com,(557)227-2889,101 Pine Ln,CityD,FL,97631
1939,Charlie,Brown,user1939@example.com,(726)395-4225,202 Birch Blvd,CityE,WA,22290
1940,John,Doe,user1940@example.com,(397)930-9502,123 Main St,CityA,CA,87540
1941,Jane,Smith,user1941@example.com,(376)454-5008,456 Maple Ave,CityB,NY,65260
1942,Alice,Johnson,user1942@example.com,(379)874-9058,789 Oak Dr,CityC,TX,63369
1943,Bob,Williams,user1943@example.com,(470)521-3400,101 Pine Ln,CityD,FL,75600
1944,Charlie,Brown,user1944@example.com,(998)666-4474,202 Birch Blvd,CityE,WA,12444
1945,John,Doe,user1945@example.com,(266)661-2242,123 Main St,CityA,CA,61237
1946,Jane,Smith,user1946@example.com,(356)620-5086,456 Maple Ave,CityB,NY,69870
1947,Alice,Johnson,user1947@example.com,(910)871-5780,789 Oak Dr,CityC,TX,72305
1948,Bob,Williams,user1948@example.com,(371)313-5299,101 Pine Ln,CityD,FL,51103
1949,Charlie,Brown,user1949@example.com,(489)270-4867,202 Birch Blvd,CityE,WA,98729
1950,John,Doe,user1950@example.com,(409)801-6515,123 Main St,CityA,CA,83021
1951,Jane,Smith,user1951@example.com,(990)579-7698,456 Maple Ave,CityB,NY,23974
1952,Alice,Johnson,user1952@example.com,(693)277-6921,789 Oak Dr,CityC,TX,76838
1953,Bob,Williams,user1953@example.com,(793)849-1148,101 Pine Ln,CityD,FL,49891
1954,Charlie,Brown,user1954@example.com,(846)877-6556,202 Birch Blvd,CityE,WA,87675
1955,John,Doe,user1955@example.com,(888)822-4166,123 Main St,CityA,CA,98656
1956,Jane,Smith,user1956@example.com,(986)213-1209,456 Maple Ave,CityB,NY,82883
1957,Alice,Johnson,user1957@example.com,(298)557-2122,789 Oak Dr,CityC,TX,37529
1958,Bob,Williams,user1958@example.com,(490)567-5051,101 Pine Ln,CityD,FL,70436
1959,Charlie,Brown,user1959@example.com,(258)965-6189,202 Birch Blvd,CityE,WA,54945
1960,John,Doe,user1960@example.com,(479)516-4654,123 Main St,CityA,CA,77285
1961,Jane,Smith,user1961@example.com,(321)255-7978,456 Maple Ave,CityB,NY,54364
1962,Alice,Johnson,user1962@example.com,(230)235-9161,789 Oak Dr,CityC,TX,48233
1963,Bob,Williams,user1963@example.com,(733)824-8830,101 Pine Ln,CityD,FL,32522
1964,Charlie,Brown,user1964@example.com,(668)444-8056,202 Birch Blvd,CityE,WA,51525
1965,John,Doe,user1965@example.com,(843)359-9704,123 Main St,CityA,CA,20326
1966,Jane,Smith,user1966@example.com,(909)255-5629,456 Maple Ave,CityB,NY,68763
1967,Alice,Johnson,user1967@example.com,(713)968-8184,789 Oak Dr,CityC,TX,83338
1968,Bob,Williams,user1968@example.com,(460)225-3062,101 Pine Ln,CityD,FL,83135
1969,Charlie,Brown,user1969@example.com,(468)319-1603,202 Birch Blvd,CityE,WA,20268
1970,John,Doe,user1970@example.com,(819)912-6065,123 Main St,CityA,CA,90177
1971,Jane,Smith,user1971@example.com,(861)467-4070,456 Maple Ave,CityB,NY,11468
1972,Alice,Johnson,user1972@example.com,(596)613-4497,789 Oak Dr,CityC,TX,18659
1973,Bob,Williams,user1973@example.com,(530)701-2182,101 Pine Ln,CityD,FL,80720
1974,Charlie,Brown,user1974@example.com,(754)790-3530,202 Birch Blvd,CityE,WA,19590
1975,John,Doe,user1975@example.com,(714)510-6613,123 Main St,CityA,CA,93762
1976,Jane,Smith,user1976@example.com,(367)278-8077,456 Maple Ave,CityB,NY,44337
1977,Alice,Johnson,user1977@example.com,(559)493-4482,789 Oak Dr,CityC,TX,28012
1978,Bob,Williams,user1978@example.com,(899)471-8317,101 Pine Ln,CityD,FL,99464
1979,Charlie,Brown,user1979@example.com,(485)258-4381,202 Birch Blvd,CityE,WA,25332
1980,John,Doe,user1980@example.com,(674)275-4523,123 Main St,CityA,CA,87687
1981,Jane,Smith,user1981@example.com,(815)782-8733,456 Maple Ave,CityB,NY,78167
1982,Alice,Johnson,user1982@example.com,(737)720-1349,789 Oak Dr,CityC,TX,90225
1983,Bob,Williams,user1983@example.com,(417)961-8715,101 Pine Ln,CityD,FL,79134
1984,Charlie,Brown,user1984@example.com,(479)954-7120,202 Birch Blvd,CityE,WA,55768
1985,John,Doe,user1985@example.com,(395)708-7490,123 Main St,CityA,CA,47696
1986,Jane,Smith,user1986@example.com,(927)480-2645,456 Maple Ave,CityB,NY,23370
1987,Alice,Johnson,user1987@example.com,(205)730-8034,789 Oak Dr,CityC,TX,45744
1988,Bob,Williams,user1988@example.com,(615)595-4085,101 Pine Ln,CityD,FL,26829
1989,Charlie,Brown,user1989@example.com,(655)757-3867,202 Birch Blvd,CityE,WA,76883
1990,John,Doe,user1990@example.com,(397)729-1004,123 Main St,CityA,CA,64512
1991,Jane,Smith,user1991@example.com,(496)638-9506,456 Maple Ave,CityB,NY,74094
1992,Alice,Johnson,user1992@example.com,(757)989-6193,789 Oak Dr,CityC,TX,68967
1993,Bob,Williams,user1993@example.com,(815)385-1565,101 Pine Ln,CityD,FL,87379
